code,time,open,high,low,close,volume
TCB,2018-06-04,16.12,16.53,16.12,16.12,2811840
TCB,2018-06-05,15.6,16.69,15.11,15.11,1357500
TCB,2018-06-06,14.96,15.11,14.33,14.49,1605480
TCB,2018-06-07,14.88,15.49,14.66,15.49,1376540
TCB,2018-06-08,15.9,16.56,15.67,16.56,2008500
TCB,2018-06-11,16.5,17.16,16.25,17.16,1229830
TCB,2018-06-12,17.0,17.0,16.2,16.53,1139130
TCB,2018-06-13,16.53,17.0,16.45,16.59,772670
TCB,2018-06-14,16.77,16.77,16.3,16.53,617130
TCB,2018-06-15,16.61,16.61,16.3,16.56,723460
TCB,2018-06-18,16.39,16.53,15.43,15.74,825810
TCB,2018-06-19,14.97,15.27,14.64,14.96,2092720
TCB,2018-06-20,14.96,15.19,14.66,14.99,554870
TCB,2018-06-21,15.02,15.02,14.69,14.99,497790
TCB,2018-06-22,14.97,14.97,14.74,14.96,328710
TCB,2018-06-25,15.11,15.27,15.07,15.1,918340
TCB,2018-06-26,14.86,15.04,14.83,14.96,493790
TCB,2018-06-27,14.72,14.96,14.72,14.74,394860
TCB,2018-06-28,14.64,14.72,13.93,14.52,1319230
TCB,2018-06-29,14.33,14.49,13.7,14.44,1583700
TCB,2018-07-02,14.45,14.45,13.7,13.84,669570
TCB,2018-07-03,13.78,13.9,12.88,12.88,2112230
TCB,2018-07-04,12.67,12.75,11.98,12.75,1102650
TCB,2018-07-05,13.63,13.63,12.75,13.3,1583450
TCB,2018-07-06,13.23,13.7,12.75,13.6,1160990
TCB,2018-07-09,13.7,13.79,13.16,13.46,631240
TCB,2018-07-10,13.46,13.46,12.99,13.06,549100
TCB,2018-07-11,12.8,12.8,12.16,12.16,1134570
TCB,2018-07-12,11.86,12.28,11.86,12.28,686180
TCB,2018-07-13,12.47,12.52,12.28,12.38,406500
TCB,2018-07-16,12.28,12.38,12.16,12.38,430160
TCB,2018-07-17,12.38,12.99,12.14,12.8,1174520
TCB,2018-07-18,12.99,13.46,12.9,13.2,1139340
TCB,2018-07-19,13.23,13.23,12.99,13.18,680430
TCB,2018-07-20,12.99,13.18,12.85,13.18,1473990
TCB,2018-07-23,12.9,13.16,12.57,12.57,878370
TCB,2018-07-24,12.75,12.99,12.42,12.47,1019120
TCB,2018-07-25,12.66,12.68,11.76,12.64,3348190
TCB,2018-07-26,12.28,12.4,12.05,12.19,645430
TCB,2018-07-27,12.19,12.38,12.09,12.26,1427670
TCB,2018-07-30,12.26,12.38,12.23,12.33,1438740
TCB,2018-07-31,12.35,13.18,12.28,13.13,4690660
TCB,2018-08-01,13.18,13.53,12.83,13.01,2060620
TCB,2018-08-02,12.9,13.46,12.75,13.46,3507500
TCB,2018-08-03,13.51,13.65,13.23,13.39,2418140
TCB,2018-08-06,13.23,13.37,13.13,13.23,1478320
TCB,2018-08-07,13.11,13.32,12.94,13.2,1670400
TCB,2018-08-08,13.3,13.3,12.94,13.11,1406450
TCB,2018-08-09,13.18,13.37,12.94,12.94,2342630
TCB,2018-08-10,12.94,13.09,12.47,12.85,2362660
TCB,2018-08-13,12.75,13.06,12.66,12.97,1369550
TCB,2018-08-14,12.99,12.99,12.75,12.85,850440
TCB,2018-08-15,12.75,12.85,12.52,12.52,1030610
TCB,2018-08-16,12.52,12.71,12.26,12.52,1576340
TCB,2018-08-17,12.52,12.71,12.52,12.52,691890
TCB,2018-08-20,12.61,12.61,12.23,12.52,847610
TCB,2018-08-21,12.52,12.59,12.4,12.52,904270
TCB,2018-08-22,12.61,12.94,12.54,12.59,1386850
TCB,2018-08-23,12.75,12.83,12.59,12.64,1031560
TCB,2018-08-24,12.64,12.73,12.52,12.57,817010
TCB,2018-08-27,12.57,12.68,12.52,12.52,1480540
TCB,2018-08-28,12.57,12.66,12.38,12.4,1630740
TCB,2018-08-29,12.4,12.45,12.33,12.35,778240
TCB,2018-08-30,12.35,12.42,12.31,12.42,887840
TCB,2018-08-31,12.42,12.68,12.42,12.42,1723040
TCB,2018-09-04,12.42,12.57,12.31,12.33,991610
TCB,2018-09-05,12.33,12.4,12.16,12.19,1052150
TCB,2018-09-06,12.19,12.23,11.72,11.72,2694080
TCB,2018-09-07,11.81,11.95,11.76,11.93,2154200
TCB,2018-09-10,12.0,12.05,11.81,12.05,1297720
TCB,2018-09-11,12.02,12.05,11.95,12.0,780150
TCB,2018-09-12,12.05,12.07,11.81,11.81,1460210
TCB,2018-09-13,11.81,12.0,11.81,11.9,1105010
TCB,2018-09-14,11.9,12.0,11.88,11.93,1343360
TCB,2018-09-17,11.93,12.75,11.88,12.31,2714630
TCB,2018-09-18,12.31,12.35,12.07,12.35,1059520
TCB,2018-09-19,12.38,12.78,12.38,12.57,2934180
TCB,2018-09-20,12.57,13.23,12.57,13.23,5779740
TCB,2018-09-21,13.23,13.44,13.13,13.37,4008110
TCB,2018-09-24,13.37,13.44,13.2,13.27,2213810
TCB,2018-09-25,13.23,13.32,13.13,13.23,2261840
TCB,2018-09-26,13.23,13.86,13.13,13.65,4516320
TCB,2018-09-27,13.79,14.01,13.77,13.89,3663710
TCB,2018-09-28,13.94,14.01,13.7,13.77,3943650
TCB,2018-10-01,13.77,13.82,13.51,13.53,2816100
TCB,2018-10-02,13.51,13.89,13.51,13.75,3139750
TCB,2018-10-03,13.89,13.94,13.77,13.86,1405830
TCB,2018-10-04,13.94,14.27,13.86,14.27,3273230
TCB,2018-10-05,14.22,14.29,14.05,14.08,3156560
TCB,2018-10-08,13.75,14.05,13.75,13.86,2101380
TCB,2018-10-09,13.89,14.05,13.77,14.05,2656380
TCB,2018-10-10,14.08,14.22,14.01,14.03,1689250
TCB,2018-10-11,13.32,13.75,13.09,13.16,4366960
TCB,2018-10-12,13.16,13.6,12.9,13.56,2298230
TCB,2018-10-15,13.56,13.58,13.23,13.32,2085500
TCB,2018-10-16,13.3,13.65,13.3,13.56,1363410
TCB,2018-10-17,13.84,13.84,13.68,13.75,1972280
TCB,2018-10-18,13.6,13.75,13.56,13.65,1487880
TCB,2018-10-19,13.42,13.7,13.27,13.7,1454000
TCB,2018-10-22,13.7,13.79,13.6,13.6,2026290
TCB,2018-10-23,13.6,13.6,12.66,13.13,2307530
TCB,2018-10-24,13.18,13.23,12.52,12.52,1535430
TCB,2018-10-25,11.9,12.42,11.86,12.33,2454470
TCB,2018-10-26,12.71,12.71,12.05,12.21,1747390
TCB,2018-10-29,12.19,12.28,12.05,12.14,1473740
TCB,2018-10-30,12.14,12.33,12.09,12.19,1327540
TCB,2018-10-31,12.33,12.71,12.33,12.71,1230140
TCB,2018-11-01,12.73,12.73,12.33,12.33,802870
TCB,2018-11-02,12.57,12.73,12.38,12.57,1048790
TCB,2018-11-05,12.61,12.73,12.52,12.68,920120
TCB,2018-11-06,12.94,12.94,12.64,12.73,1174180
TCB,2018-11-07,12.61,12.85,12.61,12.75,1180500
TCB,2018-11-08,12.99,12.99,12.73,12.75,710570
TCB,2018-11-09,12.68,12.73,12.45,12.45,1090990
TCB,2018-11-12,12.42,12.52,12.21,12.42,784460
TCB,2018-11-13,12.14,12.28,12.14,12.16,947810
TCB,2018-11-14,12.09,12.28,11.88,11.93,1692450
TCB,2018-11-15,11.93,12.07,11.83,11.93,971850
TCB,2018-11-16,12.05,12.47,12.02,12.14,645780
TCB,2018-11-19,12.14,12.61,12.14,12.52,1754860
TCB,2018-11-20,12.42,12.54,12.33,12.47,1534530
TCB,2018-11-21,12.28,12.66,12.23,12.52,1028070
TCB,2018-11-22,12.71,12.71,11.64,12.52,901490
TCB,2018-11-23,12.52,12.57,12.33,12.33,643390
TCB,2018-11-26,12.28,12.49,12.26,12.26,1195560
TCB,2018-11-27,12.42,12.52,12.26,12.28,1040020
TCB,2018-11-28,12.28,12.35,12.23,12.35,668970
TCB,2018-11-29,12.49,12.57,12.31,12.31,1304530
TCB,2018-11-30,12.4,12.42,12.28,12.31,635260
TCB,2018-12-03,12.52,12.85,12.42,12.85,3059840
TCB,2018-12-04,12.85,13.2,12.85,13.13,2885160
TCB,2018-12-05,12.99,13.37,12.9,13.23,3540000
TCB,2018-12-06,13.23,13.44,13.18,13.3,2977170
TCB,2018-12-07,13.32,13.46,13.13,13.23,2249340
TCB,2018-12-10,13.18,13.39,13.09,13.35,3389080
TCB,2018-12-11,13.39,13.46,13.27,13.37,2451470
TCB,2018-12-12,13.46,13.65,13.37,13.65,3106230
TCB,2018-12-13,13.7,13.77,13.56,13.56,2502500
TCB,2018-12-14,13.46,13.6,13.46,13.53,2395670
TCB,2018-12-17,13.37,13.46,12.94,12.94,3335920
TCB,2018-12-18,12.75,12.99,12.61,12.99,3565390
TCB,2018-12-19,12.94,12.99,12.73,12.99,1152330
TCB,2018-12-20,12.85,13.09,12.8,12.87,1096130
TCB,2018-12-21,12.75,12.9,12.61,12.9,1436860
TCB,2018-12-24,12.9,12.94,12.71,12.71,1250440
TCB,2018-12-25,12.38,12.54,12.19,12.47,2408040
TCB,2018-12-26,12.42,12.57,12.26,12.28,1965260
TCB,2018-12-27,12.52,12.59,12.31,12.31,2093990
TCB,2018-12-28,12.42,12.42,12.21,12.21,1849440
TCB,2019-01-02,12.28,12.31,12.09,12.09,1329030
TCB,2019-01-03,12.14,12.16,11.81,11.81,1811430
TCB,2019-01-04,11.81,11.81,10.98,11.79,2970830
TCB,2019-01-07,11.88,12.05,11.86,11.86,1436930
TCB,2019-01-08,11.88,11.9,11.83,11.86,843170
TCB,2019-01-09,11.9,12.28,11.86,12.19,3192180
TCB,2019-01-10,12.19,12.26,12.16,12.19,1644380
TCB,2019-01-11,12.21,12.42,12.21,12.28,1623150
TCB,2019-01-14,12.23,12.31,12.16,12.21,2002420
TCB,2019-01-15,12.21,12.52,12.21,12.52,1853220
TCB,2019-01-16,12.57,12.64,12.49,12.52,1782580
TCB,2019-01-17,12.52,12.68,12.47,12.59,1858980
TCB,2019-01-18,12.66,12.73,12.52,12.64,1598890
TCB,2019-01-21,12.71,12.99,12.71,12.94,1951730
TCB,2019-01-22,13.04,13.04,12.66,12.66,2368670
TCB,2019-01-23,12.71,12.71,12.54,12.54,2092730
TCB,2019-01-24,12.61,12.68,12.49,12.59,1537670
TCB,2019-01-25,12.73,12.87,12.59,12.59,1710030
TCB,2019-01-28,12.64,12.66,12.31,12.38,1864000
TCB,2019-01-29,12.38,12.52,12.23,12.52,2058540
TCB,2019-01-30,12.52,12.61,12.42,12.57,1017170
TCB,2019-01-31,12.57,12.57,12.42,12.52,2606420
TCB,2019-02-01,12.52,12.85,12.42,12.85,7859690
TCB,2019-02-11,12.75,12.9,12.66,12.78,2504660
TCB,2019-02-12,12.83,13.06,12.73,12.97,4957590
TCB,2019-02-13,12.97,13.11,12.94,13.01,2519920
TCB,2019-02-14,12.99,13.04,12.87,12.9,2290940
TCB,2019-02-15,12.85,13.06,12.8,12.87,3355310
TCB,2019-02-18,12.9,13.01,12.87,12.92,2160450
TCB,2019-02-19,12.94,13.32,12.94,13.01,7850600
TCB,2019-02-20,13.06,13.13,12.97,13.01,2760520
TCB,2019-02-21,13.04,13.09,12.9,12.99,2102120
TCB,2019-02-22,12.99,13.23,12.94,13.09,6443060
TCB,2019-02-25,13.18,13.23,13.09,13.11,3849680
TCB,2019-02-26,13.09,13.16,12.87,12.97,3078620
TCB,2019-02-27,12.97,12.99,12.78,12.85,4709200
TCB,2019-02-28,12.8,12.85,12.47,12.52,4845650
TCB,2019-03-01,12.57,12.68,12.47,12.57,2342280
TCB,2019-03-04,12.61,12.8,12.61,12.75,2834780
TCB,2019-03-05,12.68,12.85,12.61,12.66,3227790
TCB,2019-03-06,12.66,12.71,12.59,12.66,1004950
TCB,2019-03-07,12.71,12.78,12.64,12.64,1428410
TCB,2019-03-08,12.54,12.59,12.4,12.4,2892590
TCB,2019-03-11,12.52,12.52,12.4,12.42,894870
TCB,2019-03-12,12.57,12.66,12.4,12.66,1884510
TCB,2019-03-13,12.71,13.01,12.71,12.83,4603520
TCB,2019-03-14,12.85,12.87,12.73,12.75,1377040
TCB,2019-03-15,12.71,12.85,12.64,12.68,1750100
TCB,2019-03-18,12.73,12.87,12.66,12.78,3348820
TCB,2019-03-19,12.78,12.85,12.61,12.64,2078600
TCB,2019-03-20,12.64,12.64,12.47,12.57,1701020
TCB,2019-03-21,12.64,12.64,12.33,12.33,2858380
TCB,2019-03-22,12.35,12.42,12.26,12.33,2631920
TCB,2019-03-25,12.05,12.23,12.02,12.09,2295560
TCB,2019-03-26,12.09,12.23,12.0,12.05,2041810
TCB,2019-03-27,12.14,12.19,12.02,12.16,1426910
TCB,2019-03-28,12.12,12.19,12.07,12.07,798820
TCB,2019-03-29,12.07,12.19,12.07,12.09,1656270
TCB,2019-04-01,12.14,12.14,12.05,12.07,1213000
TCB,2019-04-02,12.14,12.21,12.02,12.05,1197560
TCB,2019-04-03,12.05,12.09,12.0,12.02,883080
TCB,2019-04-04,12.05,12.07,11.95,12.02,1084530
TCB,2019-04-05,12.05,12.05,12.0,12.0,790380
TCB,2019-04-08,12.0,12.0,11.86,11.93,1689220
TCB,2019-04-09,12.0,12.12,11.93,11.98,1526530
TCB,2019-04-10,11.95,12.05,11.81,11.86,1488230
TCB,2019-04-11,11.83,11.9,11.81,11.86,837020
TCB,2019-04-12,11.81,11.86,11.74,11.76,1318580
TCB,2019-04-16,11.64,11.69,11.53,11.6,2097030
TCB,2019-04-17,11.69,11.83,11.64,11.69,1022100
TCB,2019-04-18,11.69,11.72,11.46,11.46,1478350
TCB,2019-04-19,11.57,11.57,11.43,11.43,1116030
TCB,2019-04-22,11.43,11.48,11.17,11.22,1544290
TCB,2019-04-23,11.15,11.27,11.12,11.15,1850200
TCB,2019-04-24,11.2,11.5,11.2,11.5,1995110
TCB,2019-04-25,11.53,11.53,11.41,11.41,681910
TCB,2019-04-26,11.36,11.43,11.34,11.41,898530
TCB,2019-05-02,11.38,11.43,11.24,11.27,891770
TCB,2019-05-03,11.27,11.34,11.17,11.34,1727710
TCB,2019-05-06,11.17,11.29,10.91,11.01,1903780
TCB,2019-05-07,11.2,11.2,10.91,10.96,1294740
TCB,2019-05-08,10.86,10.86,10.7,10.84,1748140
TCB,2019-05-09,10.82,10.96,10.77,10.77,1330990
TCB,2019-05-10,10.86,10.94,10.77,10.94,1679270
TCB,2019-05-13,10.98,11.01,10.91,10.96,1130890
TCB,2019-05-14,10.86,10.96,10.79,10.86,1432870
TCB,2019-05-15,10.91,11.36,10.86,11.31,3260220
TCB,2019-05-16,11.38,11.38,11.17,11.22,2139740
TCB,2019-05-17,11.2,11.24,11.12,11.15,1740280
TCB,2019-05-20,11.12,11.29,11.05,11.27,2117630
TCB,2019-05-21,11.27,11.48,11.27,11.36,3217110
TCB,2019-05-22,11.38,11.43,11.2,11.2,1706530
TCB,2019-05-23,11.17,11.27,11.12,11.17,1377230
TCB,2019-05-24,11.12,11.2,10.96,10.96,2380690
TCB,2019-05-27,10.96,11.03,10.91,10.94,888140
TCB,2019-05-28,10.91,11.05,10.82,10.91,1428370
TCB,2019-05-29,10.89,10.91,10.75,10.75,2073420
TCB,2019-05-30,10.75,10.89,10.63,10.84,1454130
TCB,2019-05-31,10.84,10.86,10.68,10.68,1452700
TCB,2019-06-03,10.58,10.63,10.16,10.16,2710010
TCB,2019-06-04,10.27,10.3,9.97,10.01,2334950
TCB,2019-06-05,10.2,10.3,10.06,10.06,1078360
TCB,2019-06-06,10.06,10.16,9.87,10.09,1377350
TCB,2019-06-07,10.09,10.2,10.09,10.2,1426730
TCB,2019-06-10,10.3,10.35,10.06,10.16,1692190
TCB,2019-06-11,10.16,10.25,10.13,10.16,907130
TCB,2019-06-12,10.16,10.2,10.06,10.06,672440
TCB,2019-06-13,10.06,10.06,9.97,9.99,845890
TCB,2019-06-14,10.01,10.13,10.01,10.01,1082100
TCB,2019-06-17,10.06,10.09,9.83,9.83,2217430
TCB,2019-06-18,9.87,9.9,9.5,9.59,3167100
TCB,2019-06-19,9.73,9.75,9.45,9.5,2057320
TCB,2019-06-20,9.54,9.83,9.52,9.73,3519910
TCB,2019-06-21,9.83,9.97,9.78,9.83,1724400
TCB,2019-06-24,9.78,9.94,9.75,9.87,1664740
TCB,2019-06-25,9.75,9.87,9.75,9.8,1564890
TCB,2019-06-26,9.71,9.78,9.59,9.64,1838710
TCB,2019-06-27,9.64,9.68,9.54,9.54,1584550
TCB,2019-06-28,9.61,9.64,9.42,9.61,2795060
TCB,2019-07-01,9.71,9.97,9.71,9.92,4072480
TCB,2019-07-02,9.97,10.04,9.8,9.87,2795670
TCB,2019-07-03,9.8,9.92,9.75,9.83,1983500
TCB,2019-07-04,9.85,10.16,9.83,10.11,3900680
TCB,2019-07-05,10.13,10.2,10.01,10.09,1549360
TCB,2019-07-08,10.06,10.09,9.71,9.87,3362170
TCB,2019-07-09,9.78,9.87,9.73,9.78,1946360
TCB,2019-07-10,9.85,9.92,9.78,9.78,906800
TCB,2019-07-11,9.87,9.97,9.83,9.92,1912930
TCB,2019-07-12,9.97,10.01,9.78,9.78,2769760
TCB,2019-07-15,9.85,10.04,9.8,9.99,2857380
TCB,2019-07-16,9.99,10.11,9.97,10.01,2278750
TCB,2019-07-17,10.06,10.06,9.92,9.97,2701360
TCB,2019-07-18,9.9,9.97,9.83,9.87,2824630
TCB,2019-07-19,9.92,10.06,9.92,10.01,3346840
TCB,2019-07-22,9.99,10.06,9.9,9.94,2774500
TCB,2019-07-23,9.94,9.99,9.92,9.94,1565740
TCB,2019-07-24,9.97,10.01,9.87,9.9,2120730
TCB,2019-07-25,9.9,9.92,9.87,9.87,1729230
TCB,2019-07-26,9.85,9.9,9.8,9.83,1245510
TCB,2019-07-29,9.92,9.94,9.8,9.83,2419230
TCB,2019-07-30,9.87,9.87,9.75,9.78,1551320
TCB,2019-07-31,9.78,9.78,9.71,9.71,1219550
TCB,2019-08-01,9.73,9.78,9.68,9.78,1192180
TCB,2019-08-02,9.64,9.78,9.61,9.71,3516660
TCB,2019-08-05,9.64,9.71,9.59,9.64,2653940
TCB,2019-08-06,9.54,9.59,9.4,9.57,1970250
TCB,2019-08-07,9.59,9.64,9.47,9.5,1212000
TCB,2019-08-08,9.5,9.57,9.45,9.54,1798980
TCB,2019-08-09,9.54,9.59,9.5,9.54,875180
TCB,2019-08-12,9.54,9.61,9.54,9.57,840220
TCB,2019-08-13,9.54,9.78,9.52,9.75,2100020
TCB,2019-08-14,9.85,9.9,9.78,9.85,1250150
TCB,2019-08-15,9.64,9.92,9.64,9.92,2105150
TCB,2019-08-16,9.92,10.39,9.87,10.35,6269250
TCB,2019-08-19,10.35,10.35,10.16,10.18,1938330
TCB,2019-08-20,10.2,10.25,10.09,10.18,1342680
TCB,2019-08-21,10.23,10.3,10.11,10.23,2062850
TCB,2019-08-22,10.23,10.32,10.2,10.23,1593030
TCB,2019-08-23,10.2,10.23,10.13,10.23,1304670
TCB,2019-08-26,10.01,10.09,9.9,10.04,3277300
TCB,2019-08-27,10.09,10.18,10.06,10.13,1805340
TCB,2019-08-28,10.11,10.16,10.09,10.11,736990
TCB,2019-08-29,10.11,10.11,9.97,10.09,948710
TCB,2019-08-30,10.11,10.16,10.04,10.16,1236390
TCB,2019-09-03,10.2,10.23,10.11,10.11,1136630
TCB,2019-09-04,10.04,10.3,10.04,10.25,1989740
TCB,2019-09-05,10.25,10.61,10.25,10.49,4417320
TCB,2019-09-06,10.56,10.61,10.44,10.49,1189570
TCB,2019-09-09,10.49,10.49,10.23,10.25,2274060
TCB,2019-09-10,10.2,10.35,10.13,10.13,2538930
TCB,2019-09-11,10.16,10.27,10.11,10.27,1009440
TCB,2019-09-12,10.27,10.39,10.25,10.37,1835330
TCB,2019-09-13,10.35,10.7,10.35,10.7,5546230
TCB,2019-09-16,10.7,10.75,10.61,10.68,1846340
TCB,2019-09-17,10.63,10.72,10.61,10.68,1689630
TCB,2019-09-18,10.63,10.75,10.58,10.68,2613940
TCB,2019-09-19,10.68,10.84,10.63,10.84,3116360
TCB,2019-09-20,10.86,10.96,10.84,10.94,2046450
TCB,2019-09-23,10.96,10.98,10.7,10.7,2643620
TCB,2019-09-24,10.7,10.77,10.65,10.68,2698720
TCB,2019-09-25,10.68,10.75,10.58,10.7,1603250
TCB,2019-09-26,10.7,10.94,10.7,10.91,2315980
TCB,2019-09-27,10.91,11.03,10.86,10.96,2199880
TCB,2019-09-30,11.01,11.1,10.94,11.03,2640100
TCB,2019-10-01,11.03,11.22,10.94,11.22,2328320
TCB,2019-10-02,11.2,11.31,11.15,11.22,2720060
TCB,2019-10-03,11.1,11.24,11.03,11.24,2152040
TCB,2019-10-04,11.27,11.31,11.1,11.15,2380040
TCB,2019-10-07,11.17,11.17,10.94,10.94,2959530
TCB,2019-10-08,10.94,11.12,10.94,11.12,1939340
TCB,2019-10-09,11.15,11.17,11.08,11.17,1287970
TCB,2019-10-10,11.12,11.22,11.12,11.17,721560
TCB,2019-10-11,11.15,11.2,11.12,11.15,859400
TCB,2019-10-14,11.2,11.43,11.15,11.29,5147390
TCB,2019-10-15,11.27,11.46,11.15,11.46,2505730
TCB,2019-10-16,11.48,11.6,11.48,11.55,2027890
TCB,2019-10-17,11.53,11.53,11.41,11.53,2372790
TCB,2019-10-18,11.53,11.62,11.48,11.53,1217000
TCB,2019-10-21,11.53,11.53,11.15,11.29,1602090
TCB,2019-10-22,11.29,11.34,11.22,11.34,1259780
TCB,2019-10-23,11.34,11.34,11.24,11.31,1210010
TCB,2019-10-24,11.34,11.34,11.22,11.27,1437210
TCB,2019-10-25,11.29,11.29,11.2,11.27,1383270
TCB,2019-10-28,11.31,11.34,11.22,11.24,1637090
TCB,2019-10-29,11.24,11.24,11.12,11.2,1432590
TCB,2019-10-30,11.2,11.34,11.15,11.24,1505720
TCB,2019-10-31,11.24,11.31,11.2,11.2,1249530
TCB,2019-11-01,11.2,11.27,11.15,11.22,1276580
TCB,2019-11-04,11.29,11.53,11.22,11.5,3950490
TCB,2019-11-05,11.57,11.76,11.53,11.69,2664570
TCB,2019-11-06,11.74,11.74,11.64,11.69,1670500
TCB,2019-11-07,11.72,11.72,11.64,11.72,1200940
TCB,2019-11-08,11.72,11.88,11.72,11.86,4107220
TCB,2019-11-11,11.9,12.05,11.83,11.88,3594060
TCB,2019-11-12,11.83,11.9,11.81,11.88,1410930
TCB,2019-11-13,11.95,11.95,11.69,11.69,3308350
TCB,2019-11-14,11.67,11.69,11.55,11.67,1789980
TCB,2019-11-15,11.67,11.79,11.53,11.76,1355990
TCB,2019-11-18,11.76,11.79,11.55,11.55,1327810
TCB,2019-11-19,11.55,11.72,11.55,11.69,986340
TCB,2019-11-20,11.72,11.76,11.48,11.53,1185900
TCB,2019-11-21,11.5,11.53,11.1,11.1,4049470
TCB,2019-11-22,11.34,11.34,10.77,10.89,2348690
TCB,2019-11-25,10.91,11.01,10.79,11.01,1110080
TCB,2019-11-26,11.05,11.1,11.01,11.08,995420
TCB,2019-11-27,11.1,11.15,11.03,11.03,816030
TCB,2019-11-28,11.03,11.03,10.82,10.82,1133640
TCB,2019-11-29,10.86,10.91,10.75,10.82,754400
TCB,2019-12-02,10.84,10.89,10.68,10.72,1156110
TCB,2019-12-03,10.72,10.75,10.56,10.65,1530470
TCB,2019-12-04,10.65,11.08,10.65,11.08,1112220
TCB,2019-12-05,11.08,11.12,10.91,10.98,588750
TCB,2019-12-06,10.98,11.05,10.91,10.94,509280
TCB,2019-12-09,10.94,10.98,10.72,10.77,799820
TCB,2019-12-10,10.75,10.77,10.53,10.58,1281250
TCB,2019-12-11,10.63,10.75,10.63,10.72,795470
TCB,2019-12-12,10.7,11.01,10.7,10.94,1024340
TCB,2019-12-13,10.96,10.98,10.86,10.94,903570
TCB,2019-12-16,10.86,10.94,10.82,10.94,837370
TCB,2019-12-17,10.91,10.94,10.75,10.75,797100
TCB,2019-12-18,10.72,10.77,10.68,10.72,681130
TCB,2019-12-19,10.68,10.75,10.53,10.56,1746590
TCB,2019-12-20,10.58,10.77,10.58,10.77,653220
TCB,2019-12-23,10.86,10.98,10.82,10.91,2394730
TCB,2019-12-24,10.94,10.94,10.79,10.86,419130
TCB,2019-12-25,10.86,10.94,10.84,10.86,598950
TCB,2019-12-26,10.86,10.89,10.82,10.89,855750
TCB,2019-12-27,10.89,10.96,10.84,10.96,819850
TCB,2019-12-30,11.1,11.31,11.03,11.08,2452800
TCB,2019-12-31,11.08,11.22,11.08,11.12,731740
TCB,2020-01-02,11.12,11.27,11.1,11.24,1387610
TCB,2020-01-03,11.29,11.31,11.17,11.17,756700
TCB,2020-01-06,11.05,11.05,10.89,10.89,1162990
TCB,2020-01-07,10.89,10.96,10.86,10.96,1043300
TCB,2020-01-08,10.77,10.89,10.68,10.75,1710390
TCB,2020-01-09,10.86,10.91,10.79,10.89,2009840
TCB,2020-01-10,10.86,11.1,10.86,10.94,3679110
TCB,2020-01-13,10.86,10.94,10.75,10.84,892360
TCB,2020-01-14,10.84,10.89,10.82,10.82,1804950
TCB,2020-01-15,10.82,10.86,10.77,10.82,1929280
TCB,2020-01-16,10.82,11.03,10.82,11.01,4383720
TCB,2020-01-17,11.05,11.15,11.01,11.05,1875160
TCB,2020-01-20,11.01,11.08,10.96,11.03,2019730
TCB,2020-01-21,11.08,11.36,11.05,11.36,7458340
TCB,2020-01-22,11.46,11.46,11.31,11.43,2309150
TCB,2020-01-30,11.1,11.24,10.75,10.82,4013510
TCB,2020-01-31,10.7,10.82,10.2,10.2,6118460
TCB,2020-02-03,9.68,10.44,9.61,10.13,4258750
TCB,2020-02-04,10.16,10.35,10.01,10.27,2196570
TCB,2020-02-05,10.42,10.46,10.18,10.27,2433210
TCB,2020-02-06,10.23,10.61,10.16,10.56,2677150
TCB,2020-02-07,10.56,10.56,10.35,10.46,1965440
TCB,2020-02-10,10.35,10.39,10.23,10.32,1304360
TCB,2020-02-11,10.32,10.53,10.32,10.46,1353360
TCB,2020-02-12,10.53,10.84,10.49,10.7,3157240
TCB,2020-02-13,10.65,10.7,10.58,10.68,1823230
TCB,2020-02-14,10.96,11.05,10.82,11.01,4375740
TCB,2020-02-17,11.05,11.29,10.98,11.24,6393370
TCB,2020-02-18,11.24,11.38,11.12,11.2,4268770
TCB,2020-02-19,11.15,11.2,11.08,11.17,1980690
TCB,2020-02-20,11.2,11.29,11.01,11.1,2950950
TCB,2020-02-21,11.05,11.2,10.91,10.91,2959980
TCB,2020-02-24,10.75,10.75,10.16,10.16,7508070
TCB,2020-02-25,9.92,10.51,9.83,10.49,3236900
TCB,2020-02-26,10.27,10.63,10.2,10.56,2243500
TCB,2020-02-27,10.56,10.75,10.49,10.75,2324050
TCB,2020-02-28,10.39,10.58,10.32,10.51,2433150
TCB,2020-03-02,10.58,10.7,10.44,10.63,2567350
TCB,2020-03-03,10.79,10.86,10.63,10.63,2162150
TCB,2020-03-04,10.56,10.68,10.49,10.65,1936620
TCB,2020-03-05,10.65,10.79,10.53,10.53,2022250
TCB,2020-03-06,10.49,10.49,10.3,10.42,2247920
TCB,2020-03-09,9.75,9.92,9.71,9.71,4584600
TCB,2020-03-10,9.64,9.92,9.5,9.78,3161970
TCB,2020-03-11,9.9,9.9,9.12,9.12,5626550
TCB,2020-03-12,8.5,8.74,8.48,8.48,4054760
TCB,2020-03-13,7.89,8.76,7.89,8.62,4332700
TCB,2020-03-16,8.62,8.62,8.13,8.24,3645430
TCB,2020-03-17,8.03,8.48,7.96,8.48,3112070
TCB,2020-03-18,8.55,8.6,8.36,8.48,1908520
TCB,2020-03-19,8.31,8.41,8.1,8.15,2214980
TCB,2020-03-20,8.24,8.27,8.1,8.2,1878140
TCB,2020-03-23,7.65,8.03,7.63,7.63,3265510
TCB,2020-03-24,7.79,7.79,7.56,7.61,3209920
TCB,2020-03-25,7.79,7.89,7.7,7.84,2952270
TCB,2020-03-26,7.84,7.84,7.61,7.61,1487540
TCB,2020-03-27,7.63,7.65,7.37,7.56,2746330
TCB,2020-03-30,7.13,7.32,7.04,7.04,3360230
TCB,2020-03-31,7.09,7.32,6.61,7.09,1578850
TCB,2020-04-01,7.09,7.37,6.78,7.32,1316380
TCB,2020-04-03,7.32,7.53,7.32,7.49,1433510
TCB,2020-04-06,7.65,8.01,7.61,8.01,2966040
TCB,2020-04-07,8.03,8.13,7.94,8.01,2424610
TCB,2020-04-08,7.94,7.94,7.7,7.89,1408000
TCB,2020-04-09,8.08,8.1,7.96,7.98,2199830
TCB,2020-04-10,7.89,8.01,7.87,7.91,1495400
TCB,2020-04-13,7.91,8.31,7.91,8.13,2564400
TCB,2020-04-14,8.2,8.2,7.98,8.1,1446850
TCB,2020-04-15,8.17,8.29,8.13,8.29,2536130
TCB,2020-04-16,8.27,8.29,8.13,8.29,1858330
TCB,2020-04-17,8.41,8.43,8.27,8.38,2252420
TCB,2020-04-20,8.46,8.48,8.27,8.36,1847520
TCB,2020-04-21,8.17,8.22,7.89,7.96,3045020
TCB,2020-04-22,7.68,8.13,7.68,7.98,1742290
TCB,2020-04-23,8.13,8.17,8.01,8.01,1401680
TCB,2020-04-24,8.08,8.1,7.98,8.08,851770
TCB,2020-04-27,8.08,8.15,8.03,8.05,962880
TCB,2020-04-28,8.1,8.1,7.96,8.08,921180
TCB,2020-04-29,8.08,8.29,8.03,8.13,2860010
TCB,2020-05-04,8.13,8.36,8.1,8.22,2018840
TCB,2020-05-05,8.27,8.31,8.2,8.22,546010
TCB,2020-05-06,8.29,8.29,8.15,8.29,1175100
TCB,2020-05-07,8.29,8.36,8.24,8.36,2409540
TCB,2020-05-08,8.36,8.93,8.36,8.93,7260470
TCB,2020-05-11,9.21,9.54,9.14,9.54,4765680
TCB,2020-05-12,9.5,9.8,9.26,9.73,3555810
TCB,2020-05-13,9.59,9.78,9.35,9.73,4746350
TCB,2020-05-14,9.64,9.73,9.5,9.68,3351270
TCB,2020-05-15,9.73,9.73,9.45,9.57,2995800
TCB,2020-05-18,9.47,9.8,9.4,9.75,3017660
TCB,2020-05-19,10.09,10.11,9.9,10.06,4135900
TCB,2020-05-20,9.92,10.01,9.9,9.94,1911850
TCB,2020-05-21,9.94,10.39,9.85,10.39,3539410
TCB,2020-05-22,10.2,10.2,9.94,9.94,3322040
TCB,2020-05-25,9.97,10.06,9.9,9.94,1962970
TCB,2020-05-26,9.97,10.06,9.92,9.99,2220450
TCB,2020-05-27,10.01,10.11,9.87,9.87,2673490
TCB,2020-05-28,9.87,10.01,9.83,9.87,1584390
TCB,2020-05-29,9.85,9.9,9.78,9.78,1101170
TCB,2020-06-01,9.83,10.06,9.83,10.06,2341100
TCB,2020-06-02,10.16,10.16,9.97,9.99,2469400
TCB,2020-06-03,9.99,10.13,9.99,10.09,2064360
TCB,2020-06-04,10.11,10.13,10.01,10.01,2216760
TCB,2020-06-05,10.04,10.13,9.97,10.13,2251740
TCB,2020-06-08,10.18,10.35,10.18,10.25,3484860
TCB,2020-06-09,10.25,10.3,10.16,10.18,1702620
TCB,2020-06-10,10.09,10.37,10.04,10.32,2295880
TCB,2020-06-11,10.35,10.35,9.87,9.87,3478310
TCB,2020-06-12,9.73,10.04,9.68,9.99,3715000
TCB,2020-06-15,9.97,9.97,9.47,9.5,2302220
TCB,2020-06-16,9.68,9.73,9.59,9.73,1487150
TCB,2020-06-17,9.73,9.73,9.57,9.59,1416900
TCB,2020-06-18,9.59,9.66,9.54,9.54,625890
TCB,2020-06-19,9.54,9.68,9.54,9.68,632650
TCB,2020-06-22,9.8,9.9,9.68,9.8,1166650
TCB,2020-06-23,9.8,9.83,9.73,9.75,1173850
TCB,2020-06-24,9.78,9.8,9.64,9.68,860730
TCB,2020-06-25,9.54,9.64,9.5,9.54,1162400
TCB,2020-06-26,9.68,9.68,9.52,9.61,668030
TCB,2020-06-29,9.45,9.5,9.26,9.28,1752070
TCB,2020-06-30,9.33,9.4,9.02,9.24,1290510
TCB,2020-07-01,9.21,9.4,9.19,9.35,751460
TCB,2020-07-02,9.42,9.42,9.21,9.33,820250
TCB,2020-07-03,9.33,9.35,9.24,9.35,593390
TCB,2020-07-06,9.35,9.57,9.35,9.57,1220550
TCB,2020-07-07,9.59,9.64,9.54,9.57,895150
TCB,2020-07-08,9.54,9.57,9.5,9.5,676840
TCB,2020-07-09,9.57,9.9,9.5,9.9,3146430
TCB,2020-07-10,9.85,9.9,9.66,9.66,1398740
TCB,2020-07-13,9.83,9.83,9.45,9.59,1725580
TCB,2020-07-14,9.54,9.59,9.45,9.5,1809120
TCB,2020-07-15,9.59,9.8,9.59,9.73,1697190
TCB,2020-07-16,9.73,9.92,9.64,9.92,1662150
TCB,2020-07-17,9.78,9.83,9.71,9.73,1180670
TCB,2020-07-20,9.68,9.75,9.66,9.68,1164560
TCB,2020-07-21,9.68,9.71,9.59,9.68,818210
TCB,2020-07-22,9.73,9.73,9.57,9.57,1224170
TCB,2020-07-23,9.57,9.59,9.5,9.59,861140
TCB,2020-07-24,9.59,9.59,8.98,9.21,2951240
TCB,2020-07-27,9.02,9.07,8.57,8.57,2677650
TCB,2020-07-28,8.6,8.88,8.5,8.86,2883870
TCB,2020-07-29,8.64,8.69,8.27,8.57,1841250
TCB,2020-07-30,8.6,8.98,8.27,8.79,974910
TCB,2020-07-31,8.6,8.81,8.57,8.57,2304460
TCB,2020-08-03,8.62,8.79,8.57,8.79,1247760
TCB,2020-08-04,8.93,9.02,8.86,8.9,1210770
TCB,2020-08-05,8.93,9.19,8.83,9.19,1917290
TCB,2020-08-06,9.16,9.21,9.02,9.07,1860660
TCB,2020-08-07,9.12,9.14,9.0,9.05,951190
TCB,2020-08-10,9.12,9.31,9.12,9.16,2743500
TCB,2020-08-11,9.24,9.24,9.12,9.19,1334060
TCB,2020-08-12,9.19,9.31,9.19,9.28,1634530
TCB,2020-08-13,9.35,9.38,9.26,9.35,1584180
TCB,2020-08-14,9.35,9.54,9.28,9.35,2588850
TCB,2020-08-17,9.33,9.52,9.33,9.5,2732690
TCB,2020-08-18,9.5,9.54,9.45,9.47,1410740
TCB,2020-08-19,9.5,9.57,9.45,9.54,1132620
TCB,2020-08-20,9.54,9.57,9.38,9.45,3659990
TCB,2020-08-21,9.5,9.64,9.5,9.61,2817550
TCB,2020-08-24,9.8,9.92,9.68,9.9,2749740
TCB,2020-08-25,9.92,10.11,9.92,10.06,3775640
TCB,2020-08-26,10.01,10.06,9.92,9.97,2116830
TCB,2020-08-27,9.97,10.01,9.92,9.99,1792750
TCB,2020-08-28,10.06,10.32,10.04,10.2,5154230
TCB,2020-08-31,10.2,10.3,10.04,10.06,1793790
TCB,2020-09-01,10.06,10.25,9.97,10.25,2171350
TCB,2020-09-03,10.27,10.44,10.25,10.39,3326470
TCB,2020-09-04,10.25,10.35,10.25,10.32,2276910
TCB,2020-09-07,10.32,10.37,10.01,10.01,2350940
TCB,2020-09-08,10.09,10.16,9.94,10.16,1935300
TCB,2020-09-09,9.97,10.16,9.9,10.01,2762390
TCB,2020-09-10,10.06,10.2,10.06,10.13,1524900
TCB,2020-09-11,10.04,10.13,9.97,10.06,1236940
TCB,2020-09-14,10.06,10.18,10.06,10.16,1578270
TCB,2020-09-15,10.16,10.18,10.09,10.09,1835310
TCB,2020-09-16,10.09,10.13,10.04,10.11,1258880
TCB,2020-09-17,10.11,10.2,10.04,10.06,3654030
TCB,2020-09-18,10.11,10.3,10.09,10.3,5334940
TCB,2020-09-21,10.39,10.53,10.39,10.53,5874890
TCB,2020-09-22,10.51,10.61,10.42,10.56,3669840
TCB,2020-09-23,10.56,10.63,10.51,10.53,2941250
TCB,2020-09-24,10.51,10.61,10.44,10.61,3988170
TCB,2020-09-25,10.61,10.63,10.51,10.58,3497970
TCB,2020-09-28,10.56,10.86,10.51,10.79,2811640
TCB,2020-09-29,10.82,10.86,10.65,10.65,2973020
TCB,2020-09-30,10.65,10.68,10.53,10.68,2357980
TCB,2020-10-01,10.7,10.82,10.68,10.77,3497290
TCB,2020-10-02,10.82,10.86,10.56,10.65,4381810
TCB,2020-10-05,10.65,10.75,10.51,10.65,5363760
TCB,2020-10-06,10.72,10.75,10.49,10.58,6850730
TCB,2020-10-07,10.53,10.56,10.3,10.3,12159210
TCB,2020-10-08,10.35,10.39,10.09,10.09,14366760
TCB,2020-10-09,10.16,10.37,10.06,10.09,13523760
TCB,2020-10-12,10.2,10.32,10.01,10.01,14203730
TCB,2020-10-13,10.04,10.23,10.01,10.11,14215200
TCB,2020-10-14,10.2,10.79,10.2,10.79,48630920
TCB,2020-10-15,11.08,11.24,10.77,10.79,25323170
TCB,2020-10-16,10.82,11.01,10.68,10.7,27075400
TCB,2020-10-19,10.84,11.03,10.79,10.86,28506770
TCB,2020-10-20,10.86,11.41,10.86,11.29,34662420
TCB,2020-10-21,11.43,11.53,11.2,11.22,20951070
TCB,2020-10-22,11.2,11.34,11.1,11.31,24408740
TCB,2020-10-23,11.38,11.43,11.27,11.34,28288440
TCB,2020-10-26,11.53,11.79,11.03,11.03,24707670
TCB,2020-10-27,11.24,11.31,11.01,11.01,30805330
TCB,2020-10-28,11.03,11.08,10.58,10.58,32092220
TCB,2020-10-29,10.44,10.72,10.3,10.3,36149460
TCB,2020-10-30,10.44,10.51,10.09,10.09,28887760
TCB,2020-11-02,10.2,10.32,10.11,10.11,22943680
TCB,2020-11-03,10.3,10.61,10.23,10.39,27962010
TCB,2020-11-04,10.53,10.68,10.46,10.46,21927670
TCB,2020-11-05,10.46,10.56,10.3,10.3,19766660
TCB,2020-11-06,10.35,10.39,10.16,10.2,15368880
TCB,2020-11-09,10.32,10.49,10.3,10.42,17624180
TCB,2020-11-10,10.63,10.65,10.42,10.44,21221910
TCB,2020-11-11,10.49,10.58,10.39,10.39,14433190
TCB,2020-11-12,10.44,10.53,10.39,10.53,10771120
TCB,2020-11-13,10.58,10.94,10.58,10.86,22376970
TCB,2020-11-16,11.05,11.05,10.77,10.82,25236270
TCB,2020-11-17,10.86,11.03,10.79,11.03,17457030
TCB,2020-11-18,11.01,11.15,10.91,11.03,22760740
TCB,2020-11-19,11.03,11.15,10.96,11.05,16935520
TCB,2020-11-20,11.1,11.1,11.01,11.05,13546080
TCB,2020-11-23,11.05,11.17,10.91,11.15,17857230
TCB,2020-11-24,11.2,11.34,11.05,11.17,22530770
TCB,2020-11-25,11.29,11.31,11.12,11.15,13655890
TCB,2020-11-26,11.17,11.2,11.05,11.15,13091570
TCB,2020-11-27,11.17,11.29,11.12,11.2,12261190
TCB,2020-11-30,11.31,11.53,11.2,11.38,24645230
TCB,2020-12-01,11.24,11.57,11.17,11.57,22797760
TCB,2020-12-02,11.62,11.95,11.62,11.86,27463650
TCB,2020-12-03,11.88,12.05,11.81,11.81,17490250
TCB,2020-12-04,11.76,11.81,11.69,11.72,16507860
TCB,2020-12-07,11.72,11.9,11.72,11.83,13044510
TCB,2020-12-08,11.9,11.9,11.76,11.81,14341140
TCB,2020-12-09,11.9,12.23,11.83,12.16,19001670
TCB,2020-12-10,12.28,12.28,11.95,11.95,18133060
TCB,2020-12-11,11.95,12.12,11.83,12.12,14116670
TCB,2020-12-14,12.23,12.42,12.14,12.38,15694300
TCB,2020-12-15,12.33,12.45,12.26,12.35,13700860
TCB,2020-12-16,12.49,13.2,12.47,13.2,29092450
TCB,2020-12-17,13.23,13.86,13.2,13.39,29802380
TCB,2020-12-18,13.46,13.82,13.46,13.79,15252570
TCB,2020-12-21,13.94,14.12,13.75,13.89,22777010
TCB,2020-12-22,13.79,13.94,13.72,13.79,17109090
TCB,2020-12-23,13.79,13.82,13.46,13.56,19453550
TCB,2020-12-24,13.56,13.65,12.71,13.2,26106600
TCB,2020-12-25,13.2,13.98,13.09,13.96,17113750
TCB,2020-12-28,14.12,14.31,13.94,14.03,14471300
TCB,2020-12-29,14.01,14.12,13.94,14.05,12909770
TCB,2020-12-30,14.08,14.43,14.03,14.12,16579440
TCB,2020-12-31,14.17,15.0,14.12,14.88,16486510
TCB,2021-01-04,15.12,15.78,15.07,15.59,18607800
TCB,2021-01-05,15.47,15.75,15.38,15.61,14280100
TCB,2021-01-06,15.68,16.11,15.57,15.68,20222300
TCB,2021-01-07,15.92,16.34,15.78,16.34,16387200
TCB,2021-01-08,16.53,17.12,16.49,16.86,16947900
TCB,2021-01-11,16.89,17.12,16.63,16.65,13980300
TCB,2021-01-12,16.53,16.77,16.3,16.58,16418200
TCB,2021-01-13,16.75,17.01,16.58,16.6,11399600
TCB,2021-01-14,16.7,16.91,16.46,16.89,11995200
TCB,2021-01-15,17.15,17.74,17.12,17.41,17357400
TCB,2021-01-18,17.57,17.57,16.96,17.1,13377400
TCB,2021-01-19,16.96,17.19,15.92,16.01,22796500
TCB,2021-01-20,16.2,16.42,15.12,16.3,25772300
TCB,2021-01-21,16.65,17.1,16.3,17.1,14253300
TCB,2021-01-22,17.19,17.43,16.91,17.15,12347400
TCB,2021-01-25,16.89,17.17,16.82,16.91,15639600
TCB,2021-01-26,16.77,16.91,15.83,16.53,18111400
TCB,2021-01-27,16.18,16.65,15.42,15.83,18775400
TCB,2021-01-28,14.88,15.59,14.74,14.74,27121100
TCB,2021-01-29,13.98,15.75,13.98,15.12,27420900
TCB,2021-02-01,15.12,15.83,14.9,15.21,15146700
TCB,2021-02-02,15.21,16.11,15.09,16.06,13498900
TCB,2021-02-03,16.3,16.77,16.06,16.53,18238700
TCB,2021-02-04,16.56,16.82,16.34,16.53,14141400
TCB,2021-02-05,16.68,17.15,16.58,17.15,14358200
TCB,2021-02-08,17.15,17.24,16.06,16.53,21272800
TCB,2021-02-09,16.63,17.19,16.39,17.01,16738000
TCB,2021-02-17,17.29,18.14,17.24,18.14,21134000
TCB,2021-02-18,18.19,18.52,17.95,18.38,15791300
TCB,2021-02-19,18.07,18.47,18.05,18.28,12801300
TCB,2021-02-22,18.23,18.35,17.95,18.23,14466800
TCB,2021-02-23,18.33,19.06,18.33,18.8,26384200
TCB,2021-02-24,18.94,18.99,18.38,18.47,14395400
TCB,2021-02-25,18.66,18.66,18.19,18.47,16440500
TCB,2021-02-26,18.09,18.59,18.09,18.54,15265000
TCB,2021-03-01,18.75,19.01,18.56,18.99,12622200
TCB,2021-03-02,19.23,19.25,18.9,19.04,8576800
TCB,2021-03-03,19.06,19.13,18.9,19.06,8441900
TCB,2021-03-04,19.08,19.13,18.23,18.45,16228300
TCB,2021-03-05,18.38,18.59,18.09,18.52,11169600
TCB,2021-03-08,18.66,18.75,18.19,18.35,10807100
TCB,2021-03-09,18.26,18.56,18.05,18.4,10594100
TCB,2021-03-10,18.42,18.61,18.19,18.56,9050000
TCB,2021-03-11,18.75,19.13,18.64,18.97,15369300
TCB,2021-03-12,19.08,19.13,18.78,18.92,8046800
TCB,2021-03-15,18.99,19.13,18.85,18.94,8638500
TCB,2021-03-16,18.94,18.99,18.56,18.82,11577300
TCB,2021-03-17,18.9,19.08,18.75,19.04,9542800
TCB,2021-03-18,19.46,19.82,19.23,19.82,16410100
TCB,2021-03-19,19.6,19.91,19.6,19.84,7413700
TCB,2021-03-22,19.84,19.84,19.44,19.51,10554500
TCB,2021-03-23,19.42,19.56,19.08,19.11,12997700
TCB,2021-03-24,18.8,19.11,18.56,18.56,13792100
TCB,2021-03-25,18.61,18.8,18.52,18.59,10420800
TCB,2021-03-26,18.54,18.73,18.14,18.61,10188400
TCB,2021-03-29,18.71,18.78,18.49,18.68,8380600
TCB,2021-03-30,18.75,19.08,18.64,18.92,10768300
TCB,2021-03-31,18.99,19.34,18.92,19.08,10304100
TCB,2021-04-01,19.13,19.37,19.01,19.37,11065800
TCB,2021-04-02,19.65,19.75,19.46,19.49,8261300
TCB,2021-04-05,19.7,19.75,19.44,19.6,11025600
TCB,2021-04-06,19.6,20.08,19.42,19.93,14957000
TCB,2021-04-07,19.84,20.1,19.75,19.93,7728400
TCB,2021-04-08,20.03,20.05,19.7,19.82,7518800
TCB,2021-04-09,19.7,19.84,19.6,19.65,8022500
TCB,2021-04-12,19.84,19.98,19.65,19.91,14990200
TCB,2021-04-13,20.08,20.08,19.6,19.65,15104100
TCB,2021-04-14,19.42,19.82,19.32,19.75,9753300
TCB,2021-04-15,19.82,19.82,19.32,19.32,14745100
TCB,2021-04-16,19.27,19.46,18.71,19.11,15488700
TCB,2021-04-19,19.27,19.7,18.9,19.65,11234400
TCB,2021-04-20,19.63,19.79,19.27,19.44,11225000
TCB,2021-04-22,19.23,19.42,18.75,18.75,8352800
TCB,2021-04-23,18.78,19.16,18.47,19.13,10600700
TCB,2021-04-26,19.13,19.27,18.64,18.64,12155400
TCB,2021-04-27,18.64,18.94,18.59,18.66,7370000
TCB,2021-04-28,18.66,19.08,18.66,18.87,6065200
TCB,2021-04-29,18.94,19.72,18.87,19.37,17966700
TCB,2021-05-04,19.08,20.5,18.94,20.5,31749800
TCB,2021-05-05,20.95,21.92,20.95,21.71,28214800
TCB,2021-05-06,21.33,22.41,21.28,22.25,26766000
TCB,2021-05-07,22.11,22.58,21.92,22.23,22027500
TCB,2021-05-10,22.06,22.86,22.06,22.72,19611400
TCB,2021-05-11,22.72,22.79,22.2,22.2,16021800
TCB,2021-05-12,22.08,23.27,22.06,23.27,23553400
TCB,2021-05-13,23.12,23.55,22.67,22.67,18045200
TCB,2021-05-14,23.1,23.12,22.75,22.98,13905300
TCB,2021-05-17,23.05,23.19,22.49,22.6,17123600
TCB,2021-05-18,22.53,23.1,22.46,22.84,16910000
TCB,2021-05-19,22.86,23.71,22.86,23.67,17467900
TCB,2021-05-20,23.95,24.0,23.57,23.71,13171300
TCB,2021-05-21,23.62,24.42,23.55,24.0,18850300
TCB,2021-05-24,24.0,24.19,23.81,24.04,14666700
TCB,2021-05-25,24.19,24.61,24.19,24.38,10560300
TCB,2021-05-26,24.38,25.04,24.19,24.94,16505900
TCB,2021-05-27,25.08,25.27,24.0,24.28,15941600
TCB,2021-05-28,24.42,25.18,24.19,25.04,20002700
TCB,2021-05-31,25.13,25.37,24.66,25.37,17054600
TCB,2021-06-01,25.56,25.65,25.04,25.08,12358200
TCB,2021-06-02,24.99,25.18,24.47,24.94,24560900
TCB,2021-06-03,25.18,26.03,24.94,25.89,23735700
TCB,2021-06-04,25.89,26.08,25.51,25.79,13371600
TCB,2021-06-07,25.04,25.7,24.09,24.75,20392100
TCB,2021-06-08,24.71,24.99,23.15,23.38,25295000
TCB,2021-06-09,23.48,24.14,23.15,24.0,22397000
TCB,2021-06-10,24.0,24.19,23.62,23.67,10935100
TCB,2021-06-11,23.86,25.13,23.67,24.85,29600800
TCB,2021-06-14,24.89,25.18,24.56,24.89,16827800
TCB,2021-06-15,24.89,25.13,24.56,24.71,19611800
TCB,2021-06-16,24.42,24.66,23.86,23.95,20575900
TCB,2021-06-17,23.71,24.0,23.38,23.71,18677800
TCB,2021-06-18,24.09,24.28,23.9,24.09,9956600
TCB,2021-06-21,23.86,24.09,23.62,23.81,14920700
TCB,2021-06-22,24.0,24.23,23.76,24.04,17224200
TCB,2021-06-23,24.14,24.61,23.9,24.14,13102300
TCB,2021-06-24,24.23,24.42,23.9,24.04,10692100
TCB,2021-06-25,24.09,24.38,23.81,24.38,10947700
TCB,2021-06-28,24.8,25.51,24.66,25.32,25721100
TCB,2021-06-29,25.32,25.41,24.94,25.27,16059200
TCB,2021-06-30,25.23,25.41,24.85,24.89,11461700
TCB,2021-07-01,24.99,25.27,24.61,25.18,19326700
TCB,2021-07-02,25.6,25.93,25.32,25.65,29377200
TCB,2021-07-05,25.89,27.45,25.41,27.4,47547200
TCB,2021-07-06,27.3,27.68,25.51,25.51,23008200
TCB,2021-07-07,25.98,26.74,25.32,26.74,37766000
TCB,2021-07-08,26.36,27.12,26.26,26.74,27362400
TCB,2021-07-09,26.5,27.63,26.26,26.74,38234300
TCB,2021-07-12,26.22,26.69,24.89,25.27,58235500
TCB,2021-07-13,25.56,25.65,24.94,25.46,20072400
TCB,2021-07-14,25.37,25.41,23.9,24.09,33443400
TCB,2021-07-15,24.09,25.13,24.0,24.61,20322400
TCB,2021-07-16,24.85,24.99,24.38,24.38,13987500
TCB,2021-07-19,23.62,24.04,22.67,22.67,39327900
TCB,2021-07-20,22.82,23.43,22.2,23.38,23861200
TCB,2021-07-21,23.9,24.28,23.43,23.76,18598700
TCB,2021-07-22,23.67,24.33,23.52,24.14,13886900
TCB,2021-07-23,23.9,24.14,23.38,23.38,20067800
TCB,2021-07-26,23.15,23.45,23.01,23.15,14424400
TCB,2021-07-27,23.62,23.76,23.41,23.5,13266100
TCB,2021-07-28,23.5,23.76,23.38,23.48,7468600
TCB,2021-07-29,23.67,24.0,23.62,23.9,12542100
TCB,2021-07-30,23.95,24.38,23.86,24.14,16932500
TCB,2021-08-02,24.09,24.28,23.9,24.0,14030000
TCB,2021-08-03,24.0,24.56,24.0,24.47,22927700
TCB,2021-08-04,24.8,24.85,24.47,24.56,19177300
TCB,2021-08-05,24.52,24.89,24.42,24.8,12021200
TCB,2021-08-06,24.8,25.13,24.47,24.47,16084300
TCB,2021-08-09,24.33,24.89,24.23,24.8,15208100
TCB,2021-08-10,25.04,25.04,24.52,24.71,12265300
TCB,2021-08-11,24.71,25.27,24.52,24.71,20471000
TCB,2021-08-12,24.75,25.04,24.56,24.56,11779000
TCB,2021-08-13,24.56,24.66,24.14,24.66,15402000
TCB,2021-08-16,24.71,25.7,24.61,25.51,30299500
TCB,2021-08-17,25.65,25.84,24.94,25.18,16002700
TCB,2021-08-18,25.04,25.27,24.8,24.94,12905800
TCB,2021-08-19,24.8,25.18,24.61,25.04,18765300
TCB,2021-08-20,24.94,25.04,23.52,23.86,31461200
TCB,2021-08-23,23.76,24.0,23.03,23.03,26003500
TCB,2021-08-24,23.03,23.24,22.86,23.15,16213400
TCB,2021-08-25,23.1,23.24,22.91,23.22,9431100
TCB,2021-08-26,23.29,23.31,22.77,22.82,10111900
TCB,2021-08-27,22.58,22.75,22.2,22.7,19689500
TCB,2021-08-30,22.96,23.34,22.72,23.24,12298900
TCB,2021-08-31,23.38,23.38,22.2,22.91,7773900
TCB,2021-09-01,22.77,23.12,22.77,22.82,8530000
TCB,2021-09-06,22.98,23.12,22.63,23.12,12880500
TCB,2021-09-07,23.17,23.81,23.17,23.45,11611100
TCB,2021-09-08,23.43,23.45,22.96,23.05,7150900
TCB,2021-09-09,22.91,23.38,22.91,23.29,7854400
TCB,2021-09-10,23.52,23.52,23.15,23.29,7222000
TCB,2021-09-13,23.22,23.36,23.1,23.12,6802200
TCB,2021-09-14,23.12,23.19,22.91,22.91,6142500
TCB,2021-09-15,22.77,23.05,22.72,22.86,5037600
TCB,2021-09-16,23.1,23.22,22.96,23.19,5523500
TCB,2021-09-17,23.24,23.57,23.24,23.5,8274500
TCB,2021-09-20,23.86,24.38,23.67,23.95,13074700
TCB,2021-09-21,23.67,24.04,23.5,23.81,10058100
TCB,2021-09-22,24.04,24.04,23.57,23.86,4960100
TCB,2021-09-23,23.9,24.23,23.62,23.71,8627900
TCB,2021-09-24,23.95,24.33,23.76,23.9,7364700
TCB,2021-09-27,23.95,24.14,23.38,23.38,6850300
TCB,2021-09-28,23.29,23.55,23.05,23.52,5568700
TCB,2021-09-29,23.24,23.5,23.1,23.34,5676700
TCB,2021-09-30,23.48,23.81,23.43,23.43,5275100
TCB,2021-10-01,23.43,23.52,23.1,23.15,6502800
TCB,2021-10-04,23.05,23.12,22.82,22.84,9510600
TCB,2021-10-05,22.96,23.24,22.96,23.19,5889900
TCB,2021-10-06,23.36,23.86,23.24,23.76,8579800
TCB,2021-10-07,23.9,24.0,23.62,23.62,5414900
TCB,2021-10-08,23.67,24.04,23.62,23.95,7634900
TCB,2021-10-11,24.09,25.04,24.09,25.04,23096400
TCB,2021-10-12,25.23,25.23,24.85,25.04,14216500
TCB,2021-10-13,25.04,25.13,24.71,24.75,14188100
TCB,2021-10-14,24.8,25.04,24.66,24.8,19788700
TCB,2021-10-15,24.99,24.99,24.71,24.85,11950400
TCB,2021-10-18,25.13,25.32,24.89,24.99,15018000
TCB,2021-10-19,24.99,25.04,24.56,24.89,14167300
TCB,2021-10-20,24.94,25.46,24.8,25.13,22695300
TCB,2021-10-21,25.51,25.51,24.99,24.99,15317400
TCB,2021-10-22,24.99,25.04,24.66,24.71,11640600
TCB,2021-10-25,24.61,24.61,24.0,24.04,28527000
TCB,2021-10-26,23.81,24.09,23.6,24.09,20157800
TCB,2021-10-27,24.19,24.47,24.04,24.33,16750100
TCB,2021-10-28,24.56,24.61,24.33,24.47,13859600
TCB,2021-10-29,24.52,24.56,24.23,24.38,12744400
TCB,2021-11-01,24.42,24.8,24.33,24.38,25398000
TCB,2021-11-02,24.47,24.47,24.33,24.38,15468300
TCB,2021-11-03,24.71,25.6,24.56,25.37,39738000
TCB,2021-11-04,25.37,25.6,24.94,25.18,18683600
TCB,2021-11-05,25.27,25.27,24.89,25.04,13453700
TCB,2021-11-08,24.94,25.18,24.71,24.85,21189500
TCB,2021-11-09,25.04,25.18,24.71,24.71,21533900
TCB,2021-11-10,24.85,24.89,24.38,24.42,19484600
TCB,2021-11-11,24.42,24.75,23.95,24.33,21838500
TCB,2021-11-12,24.28,24.89,24.14,24.8,12719800
TCB,2021-11-15,24.94,25.04,24.52,24.56,11079700
TCB,2021-11-16,24.56,24.99,24.38,24.56,12519700
TCB,2021-11-17,24.56,24.75,24.42,24.66,12113200
TCB,2021-11-18,24.56,24.66,24.28,24.33,12833900
TCB,2021-11-19,24.47,25.23,24.19,24.71,29907300
TCB,2021-11-22,24.71,25.89,24.71,25.08,23613400
TCB,2021-11-23,25.23,25.27,24.75,24.85,10596400
TCB,2021-11-24,24.85,26.31,24.71,26.22,52375300
TCB,2021-11-25,26.45,26.45,25.84,25.93,17981000
TCB,2021-11-26,26.03,26.22,25.46,25.51,21915600
TCB,2021-11-29,25.04,25.23,24.61,24.71,28236300
TCB,2021-11-30,25.08,25.08,24.33,24.47,24494700
TCB,2021-12-01,24.38,24.75,24.33,24.75,11339500
TCB,2021-12-02,24.75,24.85,24.42,24.42,8970600
TCB,2021-12-03,24.56,24.66,23.71,23.71,15571600
TCB,2021-12-06,23.76,24.09,22.98,23.15,22907100
TCB,2021-12-07,23.43,23.76,23.31,23.62,8982100
TCB,2021-12-08,23.71,24.0,23.57,23.62,7649900
TCB,2021-12-09,23.62,23.81,23.55,23.81,5203500
TCB,2021-12-10,23.86,24.04,23.67,23.71,7507300
TCB,2021-12-13,23.76,23.81,23.6,23.62,7440600
TCB,2021-12-14,23.62,24.0,23.55,23.67,7138200
TCB,2021-12-15,23.76,24.0,23.6,23.71,6818200
TCB,2021-12-16,23.86,23.86,23.55,23.55,6325600
TCB,2021-12-17,23.62,23.67,23.52,23.55,7903900
TCB,2021-12-20,23.55,23.62,23.31,23.38,7689900
TCB,2021-12-21,23.38,23.48,23.24,23.27,7255100
TCB,2021-12-22,23.29,23.38,22.82,23.1,12625100
TCB,2021-12-23,23.08,23.08,22.34,22.37,13503100
TCB,2021-12-24,22.41,23.22,22.41,23.1,6139300
TCB,2021-12-27,23.34,23.34,22.91,23.08,4727500
TCB,2021-12-28,23.27,23.31,23.01,23.22,7473500
TCB,2021-12-29,23.22,23.45,23.15,23.19,6141700
TCB,2021-12-30,23.24,23.5,23.15,23.29,5321600
TCB,2021-12-31,23.38,23.86,23.36,23.62,9547100
TCB,2022-01-04,23.86,24.19,23.76,24.04,11334600
TCB,2022-01-05,24.04,24.19,23.76,23.86,9569600
TCB,2022-01-06,23.71,23.81,23.43,23.57,10716700
TCB,2022-01-07,23.57,23.67,23.34,23.36,7832200
TCB,2022-01-10,23.38,23.43,22.98,22.98,8771400
TCB,2022-01-11,23.1,23.19,22.86,22.89,7296500
TCB,2022-01-12,22.89,23.81,22.86,23.81,12044200
TCB,2022-01-13,24.04,24.47,23.71,23.86,14417100
TCB,2022-01-14,23.62,23.81,23.38,23.5,5187100
TCB,2022-01-17,23.48,23.86,22.96,22.96,10990600
TCB,2022-01-18,22.96,23.36,22.91,23.03,7885200
TCB,2022-01-19,23.15,23.34,23.05,23.08,4221900
TCB,2022-01-20,22.98,23.34,22.96,23.08,6430300
TCB,2022-01-21,23.15,24.0,23.1,23.52,10321600
TCB,2022-01-24,23.6,24.28,23.52,23.76,16269200
TCB,2022-01-25,24.19,24.61,24.09,24.52,14466300
TCB,2022-01-26,24.75,25.18,24.56,24.75,15042300
TCB,2022-01-27,24.56,24.89,24.33,24.52,8044000
TCB,2022-01-28,24.52,25.04,24.38,24.94,10292900
TCB,2022-02-07,25.37,25.41,24.94,24.94,9809900
TCB,2022-02-08,24.94,25.65,24.94,25.41,16481000
TCB,2022-02-09,25.51,25.93,25.32,25.32,17391000
TCB,2022-02-10,25.32,25.6,25.08,25.32,11224900
TCB,2022-02-11,25.27,25.41,25.04,25.37,7847800
TCB,2022-02-14,25.13,25.13,24.33,24.33,18771500
TCB,2022-02-15,24.38,24.61,24.23,24.47,8584300
TCB,2022-02-16,24.66,24.66,24.33,24.38,6174400
TCB,2022-02-17,24.38,24.8,24.38,24.66,7301000
TCB,2022-02-18,24.42,24.56,24.33,24.38,6543700
TCB,2022-02-21,24.38,24.42,24.0,24.33,8654200
TCB,2022-02-22,24.09,24.42,23.9,24.28,10561000
TCB,2022-02-23,24.42,24.66,24.28,24.42,6188300
TCB,2022-02-24,24.33,24.52,23.52,23.86,15534300
TCB,2022-02-25,24.09,24.23,23.86,23.95,6665900
TCB,2022-02-28,23.86,24.04,23.71,23.81,7106100
TCB,2022-03-01,23.95,23.95,23.67,23.76,6945900
TCB,2022-03-02,23.67,23.67,23.24,23.24,17893700
TCB,2022-03-03,23.38,23.57,23.22,23.45,7391900
TCB,2022-03-04,23.5,23.81,23.38,23.6,7022700
TCB,2022-03-07,23.38,23.43,23.19,23.27,8122400
TCB,2022-03-08,23.15,23.38,23.05,23.15,8766400
TCB,2022-03-09,23.15,23.31,23.1,23.19,6957800
TCB,2022-03-10,23.52,23.52,23.27,23.27,4387100
TCB,2022-03-11,23.24,23.24,23.01,23.1,6422600
TCB,2022-03-14,23.05,23.1,22.82,22.91,5161200
TCB,2022-03-15,22.96,23.15,22.91,22.96,3829700
TCB,2022-03-16,23.05,23.36,23.05,23.17,4542000
TCB,2022-03-17,23.36,23.38,23.15,23.15,3249200
TCB,2022-03-18,23.22,23.34,23.19,23.24,2909700
TCB,2022-03-21,23.27,23.41,23.19,23.36,3921900
TCB,2022-03-22,23.41,23.76,23.38,23.57,5953800
TCB,2022-03-23,23.57,23.71,23.43,23.43,3409900
TCB,2022-03-24,23.43,23.52,23.29,23.29,3214000
TCB,2022-03-25,23.34,23.36,23.22,23.27,3175400
TCB,2022-03-28,23.22,23.22,22.84,23.05,6597500
TCB,2022-03-29,23.1,23.22,22.98,23.1,4272400
TCB,2022-03-30,23.1,23.57,23.1,23.22,5598900
TCB,2022-03-31,23.38,23.48,23.29,23.41,5248700
TCB,2022-04-01,23.41,23.81,23.34,23.76,9575500
TCB,2022-04-04,23.81,23.9,23.45,23.45,9775600
TCB,2022-04-05,23.34,23.38,23.17,23.17,5803000
TCB,2022-04-06,23.1,23.57,23.01,23.57,9012200
TCB,2022-04-07,23.57,23.76,23.29,23.29,5971000
TCB,2022-04-08,23.34,23.34,23.05,23.08,7030100
TCB,2022-04-12,23.01,23.1,22.63,22.67,8278800
TCB,2022-04-13,22.86,22.89,22.63,22.67,6722300
TCB,2022-04-14,22.7,22.84,22.27,22.34,8324100
TCB,2022-04-15,22.34,22.34,21.54,21.54,18618800
TCB,2022-04-18,21.73,21.85,21.16,21.19,11505300
TCB,2022-04-19,21.26,21.47,20.55,20.64,7232900
TCB,2022-04-20,20.64,20.88,20.34,20.34,7909800
TCB,2022-04-21,20.31,20.79,20.27,20.6,10019500
TCB,2022-04-22,20.79,21.14,20.57,20.83,6684800
TCB,2022-04-25,20.88,20.93,19.39,19.39,12317000
TCB,2022-04-26,19.18,19.84,18.35,19.6,11120700
TCB,2022-04-27,19.6,19.93,19.32,19.65,6154800
TCB,2022-04-28,19.68,20.22,19.68,19.98,4729300
TCB,2022-04-29,19.98,20.79,19.93,20.79,9795500
TCB,2022-05-04,20.55,20.62,19.84,19.84,6384600
TCB,2022-05-05,20.24,20.24,19.56,20.12,4804200
TCB,2022-05-06,19.7,19.98,19.6,19.6,4889500
TCB,2022-05-09,19.46,19.56,18.23,18.23,12361700
TCB,2022-05-10,17.69,18.35,17.69,18.28,10236300
TCB,2022-05-11,18.42,18.64,18.16,18.42,4071500
TCB,2022-05-12,18.42,18.42,17.15,17.15,7306300
TCB,2022-05-13,17.15,17.38,15.97,15.97,15203300
TCB,2022-05-16,16.58,16.91,15.4,15.4,11689600
TCB,2022-05-17,15.4,16.46,15.38,16.46,9447600
TCB,2022-05-18,16.86,17.43,16.7,17.03,8689300
TCB,2022-05-19,16.72,17.19,16.63,16.91,5692200
TCB,2022-05-20,16.91,17.22,16.7,16.86,5443200
TCB,2022-05-23,16.91,17.1,16.46,16.46,5290600
TCB,2022-05-24,16.44,16.65,16.25,16.65,4270100
TCB,2022-05-25,16.94,17.31,16.77,17.24,6709700
TCB,2022-05-26,17.34,17.6,17.27,17.34,4687800
TCB,2022-05-27,17.43,17.69,17.41,17.69,5777300
TCB,2022-05-30,17.95,17.95,17.69,17.83,4224300
TCB,2022-05-31,17.69,17.76,17.55,17.55,5119800
TCB,2022-06-01,17.48,17.81,17.31,17.41,3829000
TCB,2022-06-02,17.43,17.48,17.01,17.19,3533700
TCB,2022-06-03,17.17,17.41,17.03,17.22,3040200
TCB,2022-06-06,17.22,17.38,17.01,17.03,3845100
TCB,2022-06-07,17.01,17.1,16.53,17.1,4640800
TCB,2022-06-08,17.15,17.69,17.08,17.6,6456800
TCB,2022-06-09,17.6,17.74,17.5,17.67,5776000
TCB,2022-06-10,17.48,18.38,17.45,17.93,8194200
TCB,2022-06-13,17.48,17.6,16.98,17.01,6673500
TCB,2022-06-14,16.68,17.15,16.63,16.89,3740800
TCB,2022-06-15,16.86,17.08,16.56,16.86,5449100
TCB,2022-06-16,16.96,17.24,16.82,17.03,5916100
TCB,2022-06-17,16.56,16.72,15.99,16.3,4994900
TCB,2022-06-20,16.3,16.63,15.59,15.59,4004000
TCB,2022-06-21,15.64,15.97,15.49,15.59,4900200
TCB,2022-06-22,15.94,16.68,15.8,16.44,6208200
TCB,2022-06-23,16.44,17.19,16.32,16.98,4708100
TCB,2022-06-24,16.98,17.05,16.77,16.77,2969100
TCB,2022-06-27,16.79,16.98,16.77,16.79,4282300
TCB,2022-06-28,16.77,17.45,16.7,17.34,5342500
TCB,2022-06-29,17.1,17.55,17.1,17.36,3048300
TCB,2022-06-30,17.27,17.53,16.79,16.79,3566500
TCB,2022-07-01,16.82,17.12,16.46,17.01,3473300
TCB,2022-07-04,17.12,17.34,17.03,17.17,3148000
TCB,2022-07-05,17.29,18.07,17.17,17.83,10888900
TCB,2022-07-06,17.71,18.14,17.57,17.76,6055300
TCB,2022-07-07,17.69,17.95,17.48,17.86,3567400
TCB,2022-07-08,17.93,17.95,17.64,17.74,4058400
TCB,2022-07-11,17.5,17.62,16.77,16.82,8452700
TCB,2022-07-12,16.91,17.05,16.84,17.05,3916500
TCB,2022-07-13,17.08,17.38,17.01,17.05,3156800
TCB,2022-07-14,16.96,17.15,16.94,16.98,2902000
TCB,2022-07-15,17.05,17.27,17.05,17.05,4094300
TCB,2022-07-18,17.15,17.41,17.05,17.15,2990600
TCB,2022-07-19,17.12,17.15,16.89,17.05,2566900
TCB,2022-07-20,17.24,17.29,17.1,17.15,4923800
TCB,2022-07-21,17.29,17.43,17.15,17.41,5488700
TCB,2022-07-22,17.62,17.9,17.5,17.53,4424700
TCB,2022-07-25,17.41,17.53,17.36,17.38,2340300
TCB,2022-07-26,17.38,17.5,17.27,17.29,2794900
TCB,2022-07-27,17.19,17.29,17.19,17.29,1654100
TCB,2022-07-28,17.43,17.71,17.38,17.62,5604300
TCB,2022-07-29,17.71,17.9,17.55,17.9,5486300
TCB,2022-08-01,17.88,18.33,17.76,18.23,6875400
TCB,2022-08-02,18.14,18.23,17.97,18.09,4609900
TCB,2022-08-03,18.09,18.14,17.88,18.02,4944700
TCB,2022-08-04,18.07,18.35,18.05,18.14,4630800
TCB,2022-08-05,18.14,18.33,18.09,18.14,3914900
TCB,2022-08-08,18.19,18.73,18.19,18.52,7998700
TCB,2022-08-09,18.61,18.73,18.42,18.49,4306400
TCB,2022-08-10,18.35,18.45,18.28,18.33,3001500
TCB,2022-08-11,18.47,18.56,18.12,18.19,4920200
TCB,2022-08-12,18.19,18.33,18.07,18.33,2817400
TCB,2022-08-15,18.42,18.59,18.35,18.47,4366600
TCB,2022-08-16,18.45,18.52,18.4,18.42,3042300
TCB,2022-08-17,18.45,18.59,18.42,18.56,4459300
TCB,2022-08-18,18.47,18.66,18.4,18.47,5337200
TCB,2022-08-19,18.45,18.52,18.4,18.42,2566900
TCB,2022-08-22,18.35,18.47,18.21,18.28,3086100
TCB,2022-08-23,18.26,18.33,18.12,18.33,3339900
TCB,2022-08-24,18.33,18.78,18.33,18.54,3993200
TCB,2022-08-25,18.56,18.75,18.56,18.68,3706900
TCB,2022-08-26,18.71,18.87,18.66,18.66,4353000
TCB,2022-08-29,18.33,18.47,18.19,18.31,4474600
TCB,2022-08-30,18.33,18.49,18.31,18.31,3807500
TCB,2022-08-31,18.31,18.49,18.26,18.4,2265500
TCB,2022-09-05,18.35,18.38,18.21,18.23,2788600
TCB,2022-09-06,18.21,18.42,18.21,18.26,2340700
TCB,2022-09-07,18.26,18.28,17.74,17.74,4269000
TCB,2022-09-08,17.83,17.9,17.64,17.67,2473200
TCB,2022-09-09,17.81,17.81,17.48,17.79,2951100
TCB,2022-09-12,17.79,17.86,17.69,17.71,1293998
TCB,2022-09-13,17.67,17.76,17.62,17.62,1689037
TCB,2022-09-14,17.24,17.48,17.24,17.38,2795500
TCB,2022-09-15,17.48,17.5,17.29,17.29,1612928
TCB,2022-09-16,17.19,17.31,17.01,17.01,2189020
TCB,2022-09-19,17.01,17.01,16.46,16.56,3779318
TCB,2022-09-20,16.79,16.79,16.49,16.56,1990430
TCB,2022-09-21,16.53,16.58,16.3,16.3,2074375
TCB,2022-09-22,16.2,16.37,16.11,16.32,2923385
TCB,2022-09-23,16.27,16.34,16.08,16.16,2266279
TCB,2022-09-26,15.99,15.99,15.57,15.71,5218799
TCB,2022-09-27,15.85,16.01,15.68,15.83,2336897
TCB,2022-09-28,15.75,15.92,15.68,15.71,2070626
TCB,2022-09-29,15.92,15.92,15.59,15.59,2640937
TCB,2022-09-30,15.59,15.68,15.21,15.35,5241159
TCB,2022-10-03,15.35,15.4,14.29,14.29,6078214
TCB,2022-10-04,14.55,14.64,14.17,14.31,5968534
TCB,2022-10-05,14.64,14.67,14.41,14.41,3987890
TCB,2022-10-06,14.41,14.55,13.84,13.84,5576309
TCB,2022-10-07,13.65,13.65,12.87,12.87,14353686
TCB,2022-10-10,12.19,12.73,11.98,12.19,18278239
TCB,2022-10-11,12.19,12.19,11.34,11.34,21192923
TCB,2022-10-12,11.34,12.0,11.12,11.72,9607074
TCB,2022-10-13,11.72,11.95,11.38,11.95,9388012
TCB,2022-10-14,12.52,12.52,12.05,12.14,6335997
TCB,2022-10-17,12.05,12.05,11.5,11.86,7762786
TCB,2022-10-18,12.09,12.23,11.88,11.95,5031198
TCB,2022-10-19,11.95,12.05,11.62,11.9,4573133
TCB,2022-10-20,11.86,11.86,11.6,11.62,5211003
TCB,2022-10-21,11.74,11.74,10.82,10.82,9636932
TCB,2022-10-24,10.89,11.03,10.06,10.06,11803332
TCB,2022-10-25,10.06,10.61,9.45,10.06,9596304
TCB,2022-10-26,10.25,10.3,9.94,10.11,3154614
TCB,2022-10-27,10.16,10.79,10.16,10.79,5224376
TCB,2022-10-28,11.15,11.53,11.1,11.53,12486279
TCB,2022-10-31,11.62,11.72,11.1,11.62,7287089
TCB,2022-11-01,11.81,12.28,11.81,12.12,8604891
TCB,2022-11-02,12.14,12.19,11.83,11.9,5443799
TCB,2022-11-03,11.64,12.21,11.64,12.21,6664096
TCB,2022-11-04,11.81,12.05,11.36,12.05,12628815
TCB,2022-11-07,12.02,12.19,11.22,11.22,6327819
TCB,2022-11-08,11.22,11.76,10.86,11.41,5355201
TCB,2022-11-09,11.57,11.86,11.43,11.5,3646436
TCB,2022-11-10,11.34,11.38,10.7,10.75,7582667
TCB,2022-11-11,11.1,11.31,10.77,10.77,5480773
TCB,2022-11-14,10.49,10.58,10.06,10.49,5830557
TCB,2022-11-15,10.42,10.42,9.75,9.78,10945570
TCB,2022-11-16,9.12,10.44,9.12,10.44,18064365
TCB,2022-11-17,10.72,10.89,10.49,10.84,5978687
TCB,2022-11-18,10.79,11.03,10.3,10.72,6392039
TCB,2022-11-21,10.7,10.91,10.51,10.51,4509809
TCB,2022-11-22,10.42,10.89,10.32,10.32,7550322
TCB,2022-11-23,10.39,10.58,10.25,10.39,3773424
TCB,2022-11-24,10.39,10.49,10.16,10.46,3472711
TCB,2022-11-25,10.56,10.86,10.49,10.86,5209259
TCB,2022-11-28,11.01,11.62,10.98,11.62,9061731
TCB,2022-11-29,11.79,12.09,11.5,11.9,7878874
TCB,2022-11-30,11.9,12.23,11.79,12.23,8862365
TCB,2022-12-01,12.4,13.09,12.4,12.94,16535529
TCB,2022-12-02,12.75,13.7,12.68,13.6,9003657
TCB,2022-12-05,13.94,14.08,13.6,13.7,8447624
TCB,2022-12-06,13.6,13.7,12.75,12.78,14492964
TCB,2022-12-07,12.75,12.83,12.26,12.47,7115853
TCB,2022-12-08,12.66,13.32,12.52,13.32,10146335
TCB,2022-12-09,13.44,13.46,13.09,13.35,4408627
TCB,2022-12-12,13.35,13.49,12.85,12.85,6191157
TCB,2022-12-13,12.85,13.6,12.75,13.6,7317733
TCB,2022-12-14,13.94,14.03,13.6,13.6,8001168
TCB,2022-12-15,13.6,13.96,13.51,13.94,7682642
TCB,2022-12-16,13.7,13.84,13.51,13.77,6470231
TCB,2022-12-19,13.77,14.48,13.72,13.82,9320936
TCB,2022-12-20,13.7,13.82,12.87,13.09,11753179
TCB,2022-12-21,13.25,13.32,12.42,13.09,6561737
TCB,2022-12-22,13.11,13.42,12.87,13.09,3605685
TCB,2022-12-23,13.09,13.18,12.73,13.04,2879544
TCB,2022-12-26,12.87,12.94,12.14,12.14,7545177
TCB,2022-12-27,12.09,12.42,12.0,12.42,4427020
TCB,2022-12-28,12.33,12.49,12.16,12.35,3299598
TCB,2022-12-29,12.33,12.42,12.16,12.26,2935675
TCB,2022-12-30,12.26,12.33,12.21,12.21,2182511
TCB,2023-01-03,12.16,12.97,12.16,12.97,3787630
TCB,2023-01-04,12.97,13.13,12.87,12.9,3186578
TCB,2023-01-05,12.9,13.13,12.83,13.06,2717668
TCB,2023-01-06,12.97,13.42,12.9,13.09,4805646
TCB,2023-01-09,13.13,13.2,13.04,13.11,2388393
TCB,2023-01-10,13.11,13.23,12.9,12.97,2614094
TCB,2023-01-11,12.97,13.23,12.9,13.06,3137320
TCB,2023-01-12,13.06,13.2,13.04,13.16,2124636
TCB,2023-01-13,13.18,13.37,13.13,13.13,2810702
TCB,2023-01-16,13.16,13.27,13.06,13.27,2493611
TCB,2023-01-17,13.42,13.84,13.39,13.7,6180297
TCB,2023-01-18,13.75,13.77,13.65,13.75,3241975
TCB,2023-01-19,13.63,13.84,13.63,13.75,4743287
TCB,2023-01-27,13.86,14.03,13.7,13.72,5540997
TCB,2023-01-30,13.72,13.72,13.49,13.56,5918055
TCB,2023-01-31,13.53,13.89,13.25,13.89,6149430
TCB,2023-02-01,13.94,13.94,13.23,13.32,5946569
TCB,2023-02-02,13.32,13.42,13.04,13.23,3795867
TCB,2023-02-03,13.27,13.32,12.8,12.8,6449574
TCB,2023-02-06,12.8,13.23,12.78,13.2,3183964
TCB,2023-02-07,13.2,13.25,12.94,12.94,3290162
TCB,2023-02-08,12.99,13.2,12.94,13.16,2709523
TCB,2023-02-09,13.09,13.16,12.9,12.9,2757691
TCB,2023-02-10,12.92,12.99,12.71,12.73,2627628
TCB,2023-02-13,12.68,12.71,12.45,12.57,2898242
TCB,2023-02-14,12.52,12.94,12.52,12.68,2950560
TCB,2023-02-15,12.68,13.04,12.57,12.94,2633863
TCB,2023-02-16,13.04,13.18,12.85,13.18,2248327
TCB,2023-02-17,13.11,13.13,12.99,13.13,1784647
TCB,2023-02-20,13.11,13.51,13.09,13.51,2744240
TCB,2023-02-21,13.51,13.68,13.39,13.42,2591781
TCB,2023-02-22,13.25,13.3,12.99,12.99,2373872
TCB,2023-02-23,12.99,13.2,12.75,13.2,3597923
TCB,2023-02-24,13.2,13.2,12.83,12.87,1973343
TCB,2023-02-27,12.85,12.85,12.57,12.75,2377696
TCB,2023-02-28,12.75,12.85,12.52,12.52,2105214
TCB,2023-03-01,12.38,12.92,12.31,12.9,2204708
TCB,2023-03-02,13.01,13.04,12.75,12.85,1550415
TCB,2023-03-03,12.85,12.92,12.54,12.66,1876687
TCB,2023-03-06,12.75,12.97,12.61,12.85,2569900
TCB,2023-03-07,12.85,12.99,12.78,12.8,2340737
TCB,2023-03-08,12.71,12.94,12.66,12.9,1945590
TCB,2023-03-09,12.99,13.16,12.85,13.13,3286991
TCB,2023-03-10,12.99,13.04,12.75,12.83,2130732
TCB,2023-03-13,12.54,12.73,12.54,12.64,3115026
TCB,2023-03-14,12.59,12.64,12.42,12.42,2471323
TCB,2023-03-15,12.66,12.94,12.66,12.85,2362248
TCB,2023-03-16,12.71,12.73,12.45,12.64,2663133
TCB,2023-03-17,12.66,12.8,12.57,12.59,1200567
TCB,2023-03-20,12.52,12.57,12.4,12.4,2287264
TCB,2023-03-21,12.52,12.57,12.33,12.45,1998513
TCB,2023-03-22,12.49,12.57,12.38,12.38,2472073
TCB,2023-03-23,12.38,12.45,12.21,12.38,2369382
TCB,2023-03-24,12.47,12.61,12.42,12.49,1956017
TCB,2023-03-27,12.49,12.61,12.45,12.52,1537765
TCB,2023-03-28,12.61,13.09,12.61,13.01,7665446
TCB,2023-03-29,13.01,13.37,12.99,13.23,5721469
TCB,2023-03-30,13.39,13.46,13.09,13.09,4899644
TCB,2023-03-31,13.13,13.42,13.13,13.39,7221142
TCB,2023-04-03,13.7,13.86,13.56,13.84,12425983
TCB,2023-04-04,13.84,13.94,13.72,13.94,7304774
TCB,2023-04-05,13.89,13.98,13.79,13.94,4330672
TCB,2023-04-06,13.86,14.27,13.86,13.98,7829889
TCB,2023-04-07,14.01,14.03,13.89,13.96,4095698
TCB,2023-04-10,14.01,14.55,13.98,14.27,5661649
TCB,2023-04-11,14.27,14.36,13.98,14.36,5210501
TCB,2023-04-12,14.36,14.62,14.22,14.5,4506702
TCB,2023-04-13,14.46,14.62,14.27,14.27,3215262
TCB,2023-04-14,14.27,14.36,13.65,13.65,9437403
TCB,2023-04-17,13.7,13.91,13.58,13.91,3014955
TCB,2023-04-18,13.89,13.89,13.65,13.77,2554618
TCB,2023-04-19,13.79,13.89,13.7,13.7,2612668
TCB,2023-04-20,13.65,13.7,13.49,13.63,2314483
TCB,2023-04-21,13.7,13.7,13.56,13.56,2355180
TCB,2023-04-24,13.56,14.05,13.53,13.94,3483416
TCB,2023-04-25,14.01,14.1,13.7,13.7,2086772
TCB,2023-04-26,13.79,14.17,13.63,14.17,3239742
TCB,2023-04-27,14.27,14.27,14.1,14.12,2032454
TCB,2023-04-28,14.15,14.15,13.94,13.94,2478528
TCB,2023-05-04,13.94,13.94,13.65,13.72,1918703
TCB,2023-05-05,13.72,13.79,13.44,13.56,3438755
TCB,2023-05-08,13.65,13.89,13.56,13.89,2847866
TCB,2023-05-09,13.91,13.94,13.72,13.84,1990748
TCB,2023-05-10,13.86,13.89,13.75,13.84,2523530
TCB,2023-05-11,13.94,13.94,13.75,13.75,2515029
TCB,2023-05-12,13.75,13.84,13.7,13.84,2625716
TCB,2023-05-15,13.91,14.24,13.89,14.12,7337508
TCB,2023-05-16,14.22,14.22,14.05,14.08,2076312
TCB,2023-05-17,14.03,14.12,13.82,13.82,3660203
TCB,2023-05-18,13.82,14.03,13.82,13.96,3215893
TCB,2023-05-19,13.96,14.05,13.82,14.01,3398295
TCB,2023-05-22,14.03,14.46,14.03,14.41,9445317
TCB,2023-05-23,14.5,14.5,14.17,14.34,4206105
TCB,2023-05-24,14.36,14.43,14.05,14.08,4819842
TCB,2023-05-25,14.08,14.12,13.98,14.08,2522163
TCB,2023-05-26,14.12,14.15,14.01,14.12,1795228
TCB,2023-05-29,14.17,14.27,14.08,14.27,2766086
TCB,2023-05-30,14.36,14.38,14.17,14.27,2101794
TCB,2023-05-31,14.27,14.31,14.12,14.15,3945209
TCB,2023-06-01,14.17,14.31,14.05,14.31,4776838
TCB,2023-06-02,14.55,15.21,14.5,15.21,13801388
TCB,2023-06-05,15.33,15.49,15.07,15.07,5864033
TCB,2023-06-06,15.07,15.45,15.0,15.45,6001629
TCB,2023-06-07,15.38,15.47,15.21,15.4,4965709
TCB,2023-06-08,15.45,15.47,15.0,15.0,5742395
TCB,2023-06-09,15.02,15.35,14.93,15.31,5316162
TCB,2023-06-12,15.23,15.52,15.07,15.45,4137740
TCB,2023-06-13,15.45,15.54,15.31,15.49,3530343
TCB,2023-06-14,15.59,15.8,15.38,15.4,5375884
TCB,2023-06-15,15.4,15.54,15.31,15.42,3864497
TCB,2023-06-16,15.42,15.8,15.35,15.38,6929446
TCB,2023-06-19,15.38,15.38,15.09,15.16,3675383
TCB,2023-06-20,15.21,15.23,15.09,15.19,2085025
TCB,2023-06-21,15.19,15.35,15.16,15.35,2507595
TCB,2023-06-22,15.54,15.66,15.4,15.4,4396086
TCB,2023-06-23,15.42,15.71,15.38,15.54,4145302
TCB,2023-06-26,15.54,15.73,15.38,15.73,4046015
TCB,2023-06-27,15.73,15.78,15.54,15.57,3666451
TCB,2023-06-28,15.57,15.73,15.47,15.73,4304207
TCB,2023-06-29,15.73,15.78,15.42,15.42,3540183
TCB,2023-06-30,15.42,15.49,15.28,15.28,2449372
TCB,2023-07-03,15.45,15.45,15.12,15.12,3754857
TCB,2023-07-04,15.12,15.16,15.05,15.12,4327609
TCB,2023-07-05,15.19,15.31,15.09,15.09,4324600
TCB,2023-07-06,15.09,15.14,14.74,14.9,6315105
TCB,2023-07-07,14.88,15.02,14.79,14.9,3275078
TCB,2023-07-10,15.12,15.16,14.97,15.12,4983713
TCB,2023-07-11,15.21,15.28,15.09,15.09,5709541
TCB,2023-07-12,15.07,15.12,14.93,14.95,4343800
TCB,2023-07-13,14.97,15.12,14.95,15.09,4413075
TCB,2023-07-14,15.21,15.21,14.97,15.09,4473993
TCB,2023-07-17,15.16,15.16,15.02,15.07,3653751
TCB,2023-07-18,15.07,15.26,15.02,15.26,6509554
TCB,2023-07-19,15.42,15.54,15.23,15.26,5558188
TCB,2023-07-20,15.31,15.31,15.02,15.07,5265302
TCB,2023-07-21,15.05,15.26,15.05,15.26,5206964
TCB,2023-07-24,15.33,15.35,15.19,15.33,4833172
TCB,2023-07-25,15.49,15.97,15.45,15.83,13271626
TCB,2023-07-26,15.83,15.85,15.68,15.8,3414460
TCB,2023-07-27,15.75,15.8,15.45,15.64,7799655
TCB,2023-07-28,15.61,15.97,15.59,15.97,5632095
TCB,2023-07-31,16.11,16.34,16.06,16.2,7650937
TCB,2023-08-01,16.34,16.34,16.06,16.06,8661063
TCB,2023-08-02,16.01,16.11,15.94,16.01,4645959
TCB,2023-08-03,16.06,16.08,15.83,15.83,4172633
TCB,2023-08-04,15.9,16.16,15.8,15.87,12324057
TCB,2023-08-07,16.16,16.27,16.06,16.23,5258291
TCB,2023-08-08,16.25,16.3,16.04,16.06,5540784
TCB,2023-08-09,16.08,16.16,15.97,16.06,4669626
TCB,2023-08-10,16.06,16.08,15.83,15.83,6167335
TCB,2023-08-11,15.85,15.97,15.64,15.9,5908847
TCB,2023-08-14,15.94,15.97,15.8,15.97,4575286
TCB,2023-08-15,16.01,16.25,15.99,16.08,4612576
TCB,2023-08-16,16.06,16.7,16.04,16.68,13200378
TCB,2023-08-17,16.68,16.68,16.39,16.39,5309921
TCB,2023-08-18,16.32,16.32,15.33,15.35,13224652
TCB,2023-08-21,15.35,15.57,15.16,15.47,5357852
TCB,2023-08-22,15.47,15.64,15.07,15.64,6718788
TCB,2023-08-23,16.06,16.16,15.68,15.68,9089727
TCB,2023-08-24,15.83,16.04,15.78,15.97,4816046
TCB,2023-08-25,15.92,15.99,15.78,15.9,3638646
TCB,2023-08-28,15.99,16.11,15.87,16.06,4018726
TCB,2023-08-29,16.06,16.18,15.94,16.01,3703626
TCB,2023-08-30,16.06,16.2,16.01,16.06,4268932
TCB,2023-08-31,16.11,16.3,16.11,16.3,4123034
TCB,2023-09-05,16.44,16.6,16.42,16.53,8001071
TCB,2023-09-06,16.56,16.7,16.46,16.63,4654739
TCB,2023-09-07,16.65,17.08,16.58,16.89,9047381
TCB,2023-09-08,16.94,16.96,16.7,16.7,4604499
TCB,2023-09-11,16.82,16.82,16.27,16.32,10815264
TCB,2023-09-12,16.32,16.68,16.25,16.68,4937282
TCB,2023-09-13,16.72,16.75,16.46,16.53,4980611
TCB,2023-09-14,16.58,16.89,16.49,16.49,7644272
TCB,2023-09-15,16.58,16.77,16.49,16.49,4525539
TCB,2023-09-18,16.46,16.53,16.06,16.11,7733431
TCB,2023-09-19,16.2,16.23,15.97,16.01,5865883
TCB,2023-09-20,16.01,16.3,15.99,16.23,3427408
TCB,2023-09-21,16.23,16.3,16.06,16.2,3166808
TCB,2023-09-22,16.04,16.18,15.78,16.06,7543775
TCB,2023-09-25,16.06,16.16,15.47,15.49,4233432
TCB,2023-09-26,15.49,15.59,15.31,15.31,4757701
TCB,2023-09-27,15.23,15.4,15.23,15.4,3554965
TCB,2023-09-28,15.4,16.01,15.05,15.9,6558467
TCB,2023-09-29,15.83,15.92,15.64,15.9,2908885
TCB,2023-10-02,15.9,15.9,15.59,15.66,2139406
TCB,2023-10-03,15.54,15.54,15.07,15.35,4651993
TCB,2023-10-04,15.23,15.42,15.12,15.23,2796651
TCB,2023-10-05,15.28,15.4,15.02,15.02,2444099
TCB,2023-10-06,15.0,15.23,14.93,15.14,2552759
TCB,2023-10-09,15.16,15.19,15.07,15.16,2794345
TCB,2023-10-10,15.26,15.42,15.23,15.35,2660971
TCB,2023-10-11,15.42,15.42,15.26,15.4,2200379
TCB,2023-10-12,15.45,15.52,15.35,15.35,2464995
TCB,2023-10-13,15.31,15.33,15.12,15.21,1950383
TCB,2023-10-16,15.14,15.26,15.02,15.02,2477994
TCB,2023-10-17,15.09,15.21,15.0,15.0,1820766
TCB,2023-10-18,15.0,15.02,14.64,14.76,4722381
TCB,2023-10-19,14.76,14.83,14.48,14.48,2785681
TCB,2023-10-20,14.5,14.83,14.43,14.69,2435052
TCB,2023-10-23,14.69,14.88,14.41,14.6,2789554
TCB,2023-10-24,14.81,15.02,14.67,14.81,2173906
TCB,2023-10-25,14.74,14.93,14.74,14.74,2123638
TCB,2023-10-26,14.55,14.62,13.79,14.08,6678534
TCB,2023-10-27,14.17,14.36,13.75,13.96,3874718
TCB,2023-10-30,13.79,13.82,13.27,13.27,6596784
TCB,2023-10-31,13.32,13.46,12.85,13.09,6089470
TCB,2023-11-01,13.37,13.44,12.97,13.32,4481431
TCB,2023-11-02,13.6,13.98,13.46,13.86,4707128
TCB,2023-11-03,14.15,14.64,13.96,14.64,8103955
TCB,2023-11-06,14.55,14.64,14.31,14.64,3302561
TCB,2023-11-07,14.46,14.62,14.38,14.46,1509087
TCB,2023-11-08,14.46,15.07,14.27,15.02,3875847
TCB,2023-11-09,15.05,15.09,14.79,14.88,4254995
TCB,2023-11-10,14.74,14.88,14.5,14.67,4074844
TCB,2023-11-13,14.79,14.79,14.48,14.6,2459942
TCB,2023-11-14,14.71,15.0,14.6,14.88,3980943
TCB,2023-11-15,15.12,15.21,14.88,14.9,3672833
TCB,2023-11-16,14.88,15.02,14.88,14.97,2241375
TCB,2023-11-17,14.97,15.09,14.5,14.71,5084109
TCB,2023-11-20,14.41,14.76,14.38,14.64,4320932
TCB,2023-11-21,14.81,14.81,14.55,14.55,2244284
TCB,2023-11-22,14.6,14.64,14.48,14.62,1836821
TCB,2023-11-23,14.74,14.79,14.36,14.36,3280859
TCB,2023-11-24,14.34,14.46,13.91,14.2,4698748
TCB,2023-11-27,14.15,14.15,13.84,13.84,3050650
TCB,2023-11-28,13.84,14.15,13.6,14.15,3738613
TCB,2023-11-29,14.12,14.31,13.98,14.12,1780760
TCB,2023-11-30,14.05,14.2,13.94,13.94,2757865
TCB,2023-12-01,13.98,14.1,13.86,14.05,2696825
TCB,2023-12-04,14.08,14.41,14.08,14.27,4762393
TCB,2023-12-05,14.29,14.31,14.12,14.2,3094771
TCB,2023-12-06,14.17,14.41,14.17,14.36,2490541
TCB,2023-12-07,14.43,14.67,14.31,14.57,5845954
TCB,2023-12-08,14.57,14.64,14.46,14.62,2750225
TCB,2023-12-11,14.62,14.64,14.48,14.57,1615268
TCB,2023-12-12,14.57,14.67,14.53,14.67,2168646
TCB,2023-12-13,14.71,14.71,14.41,14.41,3109879
TCB,2023-12-14,14.55,14.57,14.43,14.43,2553679
TCB,2023-12-15,14.43,14.55,14.36,14.46,2153765
TCB,2023-12-18,14.46,14.48,14.2,14.2,2379664
TCB,2023-12-19,14.17,14.46,14.08,14.46,2110482
TCB,2023-12-20,14.31,14.43,14.24,14.34,1747233
TCB,2023-12-21,14.31,14.48,14.24,14.48,2483222
TCB,2023-12-22,14.41,14.55,14.38,14.46,1854701
TCB,2023-12-25,14.55,14.64,14.46,14.62,2573593
TCB,2023-12-26,14.57,14.64,14.53,14.55,1508215
TCB,2023-12-27,14.57,14.71,14.57,14.57,2016434
TCB,2023-12-28,14.6,14.95,14.6,14.88,5754815
TCB,2023-12-29,14.97,15.09,14.88,15.02,4233088
TCB,2024-01-02,15.07,15.23,15.02,15.16,3711936
TCB,2024-01-03,15.07,15.4,15.05,15.4,5612090
TCB,2024-01-04,15.4,15.9,15.38,15.64,10076237
TCB,2024-01-05,15.64,15.78,15.59,15.68,3571390
TCB,2024-01-08,15.83,16.13,15.75,16.11,6326633
TCB,2024-01-09,16.06,16.3,15.97,16.3,6902873
TCB,2024-01-10,16.32,16.39,16.18,16.25,7191724
TCB,2024-01-11,16.2,16.34,15.97,16.13,6733180
TCB,2024-01-12,15.99,16.39,15.85,16.37,10188187
TCB,2024-01-15,16.39,16.44,16.2,16.2,3728651
TCB,2024-01-16,16.11,16.16,15.97,16.13,4460247
TCB,2024-01-17,16.13,16.37,16.06,16.08,4420973
TCB,2024-01-18,16.18,16.34,16.08,16.25,4109183
TCB,2024-01-19,16.34,16.6,16.3,16.51,7949602
TCB,2024-01-22,16.68,16.68,16.39,16.51,4315163
TCB,2024-01-23,16.77,17.01,16.72,16.75,10077334
TCB,2024-01-24,16.65,16.79,16.65,16.65,3142400
TCB,2024-01-25,16.65,16.65,16.49,16.53,4272604
TCB,2024-01-26,16.56,16.77,16.53,16.72,3146339
TCB,2024-01-29,16.75,16.84,16.63,16.65,3146439
TCB,2024-01-30,16.58,16.65,16.39,16.63,5208589
TCB,2024-01-31,16.63,16.65,16.25,16.32,5382180
TCB,2024-02-01,16.27,16.37,16.06,16.13,6211892
TCB,2024-02-02,16.06,16.27,16.06,16.13,7865577
TCB,2024-02-05,16.27,17.01,16.25,16.77,9602258
TCB,2024-02-06,16.84,17.1,16.82,16.84,4015381
TCB,2024-02-07,16.91,17.62,16.91,17.62,11169540
TCB,2024-02-15,17.71,18.4,17.69,18.14,13075633
TCB,2024-02-16,18.19,18.28,17.9,18.19,7221365
TCB,2024-02-19,18.21,18.45,18.16,18.38,9737540
TCB,2024-02-20,18.33,18.42,18.19,18.38,5415889
TCB,2024-02-21,18.31,18.59,18.23,18.42,7676668
TCB,2024-02-22,18.42,19.06,18.4,19.04,9648022
TCB,2024-02-23,19.25,20.01,18.9,18.94,16448608
TCB,2024-02-26,18.99,19.6,18.99,19.46,9618134
TCB,2024-02-27,19.56,19.82,19.37,19.82,8415616
TCB,2024-02-28,19.86,20.01,19.63,19.93,7526807
TCB,2024-02-29,20.05,20.05,19.53,19.93,9029623
TCB,2024-03-01,19.7,19.77,19.49,19.77,9293155
TCB,2024-03-04,19.72,19.93,19.53,19.77,8437205
TCB,2024-03-05,19.75,19.93,19.56,19.93,6318727
TCB,2024-03-06,19.86,20.55,19.75,20.19,11171492
TCB,2024-03-07,20.24,20.45,20.03,20.12,7216167
TCB,2024-03-08,20.05,20.12,19.37,19.37,20131010
TCB,2024-03-11,19.32,19.46,18.85,19.08,11185905
TCB,2024-03-12,19.06,19.51,18.94,19.46,8499431
TCB,2024-03-13,19.46,19.84,19.34,19.84,7894788
TCB,2024-03-14,19.89,19.89,19.49,19.56,6639948
TCB,2024-03-15,19.49,19.68,19.08,19.56,7543048
TCB,2024-03-18,19.46,19.46,18.61,18.94,11299700
TCB,2024-03-19,18.99,19.08,18.71,19.04,5332006
TCB,2024-03-20,19.08,20.05,18.92,19.98,16884851
TCB,2024-03-21,20.12,21.3,20.12,21.3,16928673
TCB,2024-03-22,21.49,21.49,20.81,21.21,10796262
TCB,2024-03-25,21.54,21.92,20.86,21.16,10740465
TCB,2024-03-26,21.16,21.82,21.02,21.71,7757903
TCB,2024-03-27,21.82,21.82,21.3,21.52,4641838
TCB,2024-03-28,23.01,23.01,22.53,22.67,30028687
TCB,2024-03-29,22.65,22.75,22.46,22.46,6406374
TCB,2024-04-01,22.46,22.53,22.13,22.41,8564819
TCB,2024-04-02,22.49,22.67,22.2,22.51,13562041
TCB,2024-04-03,22.39,22.65,22.11,22.11,8778957
TCB,2024-04-04,21.97,22.08,21.71,21.73,10760090
TCB,2024-04-05,21.49,21.68,21.33,21.35,12131797
TCB,2024-04-08,21.26,21.66,21.21,21.49,9966966
TCB,2024-04-09,21.49,21.64,21.35,21.64,5385947
TCB,2024-04-10,21.73,22.11,21.54,21.56,7756913
TCB,2024-04-11,21.28,21.56,21.23,21.3,11373211
TCB,2024-04-12,21.47,22.41,21.3,22.39,13459115
TCB,2024-04-15,22.3,22.41,20.88,20.97,13739872
TCB,2024-04-16,21.23,21.49,20.88,21.49,15156185
TCB,2024-04-17,21.49,21.54,21.09,21.19,7456878
TCB,2024-04-19,20.79,21.09,20.48,21.02,14448097
TCB,2024-04-22,21.42,21.59,21.21,21.38,6816117
TCB,2024-04-23,21.49,22.44,21.49,21.82,15596531
TCB,2024-04-24,22.11,22.23,21.92,22.2,7533958
TCB,2024-04-25,22.2,22.2,21.64,21.8,7163606
TCB,2024-04-26,21.73,22.16,21.56,22.01,5680011
TCB,2024-05-02,22.11,22.18,21.9,22.13,4353886
TCB,2024-05-03,22.44,23.05,22.39,22.77,13664700
TCB,2024-05-06,22.91,23.01,22.63,22.84,7909650
TCB,2024-05-07,22.84,22.84,22.53,22.63,9061661
TCB,2024-05-08,22.63,23.24,22.34,22.77,15389469
TCB,2024-05-09,22.96,23.1,22.58,22.89,8708397
TCB,2024-05-10,23.05,23.05,22.63,22.91,7682076
TCB,2024-05-13,22.91,22.98,22.67,22.86,6006849
TCB,2024-05-14,22.89,22.89,22.6,22.63,7474978
TCB,2024-05-15,22.63,22.75,22.56,22.72,9681815
TCB,2024-05-16,22.91,23.6,22.86,23.57,20869173
TCB,2024-05-17,23.5,23.62,23.45,23.5,6348270
TCB,2024-05-20,23.6,23.86,23.41,23.48,9309389
TCB,2024-05-21,23.43,23.48,22.92,22.99,11264825
TCB,2024-05-22,23.02,23.14,22.58,22.6,14671154
TCB,2024-05-23,22.55,22.72,22.33,22.65,7243128
TCB,2024-05-24,22.48,23.02,22.31,22.6,14621286
TCB,2024-05-27,22.6,22.7,22.41,22.65,5010003
TCB,2024-05-28,22.65,22.87,22.55,22.84,6017258
TCB,2024-05-29,22.89,22.92,22.6,22.65,6951088
TCB,2024-05-30,22.43,22.8,22.33,22.8,7576861
TCB,2024-05-31,22.8,22.89,22.55,22.89,5679440
TCB,2024-06-03,23.14,23.23,22.94,22.97,10684004
TCB,2024-06-04,23.14,23.28,22.89,23.19,9964364
TCB,2024-06-05,23.23,23.26,22.99,23.14,9263369
TCB,2024-06-06,23.16,23.38,22.99,23.38,13118227
TCB,2024-06-07,23.87,24.21,23.72,23.92,15468440
TCB,2024-06-10,24.11,24.11,23.55,23.82,8637322
TCB,2024-06-11,24.11,24.28,23.94,24.04,16592604
TCB,2024-06-12,24.04,24.11,23.87,24.06,9161206
TCB,2024-06-13,24.11,24.16,24.01,24.06,8427486
TCB,2024-06-14,24.11,24.14,23.92,23.92,9839879
TCB,2024-06-17,23.89,23.89,23.62,23.67,9691381
TCB,2024-06-18,23.67,23.92,23.48,23.77,10246777
TCB,2024-06-19,23.87,23.87,23.45,23.53,17033684
TCB,2024-06-20,23.92,24.5,23.87,24.16,34599114
TCB,2024-06-21,24.31,24.31,23.58,23.87,11698476
TCB,2024-06-24,23.87,23.87,22.99,23.33,14032254
TCB,2024-06-25,23.33,23.38,22.8,23.38,12075829
TCB,2024-06-26,23.33,23.38,22.94,23.38,7394131
TCB,2024-06-27,23.04,23.09,22.75,22.84,12342414
TCB,2024-06-28,22.84,22.89,21.92,22.75,21105358
TCB,2024-07-01,22.5,22.5,22.07,22.07,9016895
TCB,2024-07-02,22.26,22.6,22.07,22.31,9253603
TCB,2024-07-03,22.36,22.94,22.31,22.89,10188927
TCB,2024-07-04,22.89,22.94,22.7,22.89,5686704
TCB,2024-07-05,22.75,22.89,22.6,22.89,8380797
TCB,2024-07-08,22.89,22.89,22.5,22.84,6703888
TCB,2024-07-09,22.7,22.89,22.65,22.75,11392911
TCB,2024-07-10,22.8,22.84,22.5,22.55,10297074
TCB,2024-07-11,22.55,22.75,22.21,22.21,15429938
TCB,2024-07-12,22.26,22.41,22.21,22.21,5526545
TCB,2024-07-15,22.26,22.31,22.02,22.07,6051599
TCB,2024-07-16,22.07,22.26,21.97,22.11,11035888
TCB,2024-07-17,22.26,23.58,22.21,23.09,27359168
TCB,2024-07-18,23.09,23.23,22.7,23.09,11226991
TCB,2024-07-19,23.14,23.14,22.5,22.8,14099870
TCB,2024-07-22,22.7,23.19,22.41,23.04,14485586
TCB,2024-07-23,23.19,23.19,22.41,22.46,12478349
TCB,2024-07-24,22.26,22.6,22.26,22.41,10822075
TCB,2024-07-25,22.26,22.31,21.97,22.16,8308863
TCB,2024-07-26,22.11,22.26,22.02,22.16,6326136
TCB,2024-07-29,22.26,22.36,22.16,22.16,5202325
TCB,2024-07-30,22.11,22.36,22.02,22.36,6727083
TCB,2024-07-31,22.41,22.75,22.36,22.65,11007859
TCB,2024-08-01,22.6,22.65,21.97,22.41,11643253
TCB,2024-08-02,21.97,22.89,21.97,22.89,13703529
TCB,2024-08-05,22.41,22.41,21.72,21.72,16819189
TCB,2024-08-06,21.82,22.02,21.48,21.72,17675886
TCB,2024-08-07,21.82,21.82,21.19,21.24,19636192
TCB,2024-08-08,21.04,21.09,20.21,20.31,41073254
TCB,2024-08-09,20.46,20.75,20.46,20.56,14974409
TCB,2024-08-12,20.65,20.7,20.46,20.7,10353826
TCB,2024-08-13,20.65,20.65,20.36,20.46,11499009
TCB,2024-08-14,20.51,20.75,20.36,20.65,11839830
TCB,2024-08-15,20.65,20.65,20.41,20.6,9562517
TCB,2024-08-16,20.6,20.99,20.51,20.9,21424600
TCB,2024-08-19,20.99,21.38,20.85,21.33,15711012
TCB,2024-08-20,21.38,21.48,21.24,21.29,12418961
TCB,2024-08-21,21.14,21.53,20.99,21.43,20041089
TCB,2024-08-22,21.43,22.07,21.43,21.77,20787647
TCB,2024-08-23,21.77,21.92,21.63,21.82,11977375
TCB,2024-08-26,21.92,22.07,21.82,21.92,16946363
TCB,2024-08-27,21.92,22.11,21.87,22.07,15072855
TCB,2024-08-28,22.11,22.55,22.02,22.41,19151793
TCB,2024-08-29,22.41,22.65,22.41,22.41,16102717
TCB,2024-08-30,22.41,22.75,22.41,22.75,13280437
TCB,2024-09-04,22.46,22.65,22.26,22.41,13725792
TCB,2024-09-05,22.31,22.46,22.11,22.21,11380507
TCB,2024-09-06,22.21,22.36,22.07,22.21,12165338
TCB,2024-09-09,22.11,22.26,22.02,22.07,12274582
TCB,2024-09-10,22.11,22.16,21.63,21.68,14116274
TCB,2024-09-11,21.58,21.68,21.38,21.53,11249761
TCB,2024-09-12,21.72,21.82,21.58,21.72,9124443
TCB,2024-09-13,21.72,21.77,21.58,21.63,10106430
TCB,2024-09-16,21.63,22.11,21.63,21.63,11598745
TCB,2024-09-17,21.58,22.16,21.58,22.16,7240247
TCB,2024-09-18,22.16,22.5,22.11,22.41,15062112
TCB,2024-09-19,22.6,22.6,22.31,22.6,13437506
TCB,2024-09-20,22.7,23.09,22.7,22.94,30623690
TCB,2024-09-23,22.94,23.14,22.75,22.75,8237246
TCB,2024-09-24,22.7,22.99,22.7,22.94,11042954
TCB,2024-09-25,23.14,23.33,22.99,23.19,23434812
TCB,2024-09-26,23.19,23.77,23.04,23.48,26226987
TCB,2024-09-27,23.58,23.72,23.43,23.58,16815671
TCB,2024-09-30,23.53,23.72,23.33,23.58,21497874
TCB,2024-10-01,23.58,24.16,23.53,24.01,40743405
TCB,2024-10-02,23.92,24.5,23.72,24.26,28219803
TCB,2024-10-03,24.31,24.55,23.72,23.72,29764236
TCB,2024-10-04,23.72,23.82,23.43,23.43,21427781
TCB,2024-10-07,23.62,23.72,23.38,23.53,12848012
TCB,2024-10-08,23.58,23.97,23.58,23.77,16251986
TCB,2024-10-09,23.77,24.11,23.67,24.01,21680801
TCB,2024-10-10,24.26,24.36,23.92,23.92,18252674
TCB,2024-10-11,23.92,23.97,23.62,23.82,13921063
TCB,2024-10-14,23.92,23.97,23.72,23.72,11949473
TCB,2024-10-15,23.72,23.97,23.53,23.62,14130784
TCB,2024-10-16,23.58,23.67,23.48,23.58,9022845
TCB,2024-10-17,23.58,23.77,23.48,23.72,9425005
TCB,2024-10-18,23.82,24.16,23.77,23.82,15422976
TCB,2024-10-21,23.82,23.87,23.48,23.53,9749437
TCB,2024-10-22,23.58,23.77,23.38,23.58,16885208
TCB,2024-10-23,23.58,23.67,23.14,23.58,16768636
TCB,2024-10-24,23.53,23.58,22.94,23.04,14262964
TCB,2024-10-25,23.14,23.23,22.8,22.89,14330195
TCB,2024-10-28,22.89,23.09,22.84,23.04,7022053
TCB,2024-10-29,23.09,23.23,23.09,23.14,6287797
TCB,2024-10-30,23.19,23.38,23.14,23.38,11088867
TCB,2024-10-31,23.38,23.48,23.23,23.28,8624235
TCB,2024-11-01,23.23,23.38,23.09,23.09,14553393
TCB,2024-11-04,23.14,23.14,22.8,22.84,13934054
TCB,2024-11-05,22.89,23.04,22.84,22.84,9924065
TCB,2024-11-06,22.99,23.43,22.99,23.28,15683373
TCB,2024-11-07,23.53,23.53,23.23,23.23,8604442
TCB,2024-11-08,23.38,23.38,22.84,22.99,13102508
TCB,2024-11-11,23.09,23.09,22.46,22.6,15364267
TCB,2024-11-12,22.8,22.8,22.31,22.46,12496159
TCB,2024-11-13,22.41,22.55,22.11,22.55,13329055
TCB,2024-11-14,22.41,22.46,22.16,22.21,7431590
TCB,2024-11-15,22.21,22.21,21.82,21.87,14457717
TCB,2024-11-18,21.82,22.11,21.63,21.87,12113846
TCB,2024-11-19,21.97,21.97,21.63,21.82,6938404
TCB,2024-11-20,21.72,22.26,21.68,22.26,10250924
TCB,2024-11-21,22.21,22.6,22.02,22.6,11215198
TCB,2024-11-22,22.6,22.94,22.55,22.89,14408768
TCB,2024-11-25,22.89,22.99,22.8,22.89,7189987
TCB,2024-11-26,22.89,23.09,22.84,22.94,6760139
TCB,2024-11-27,22.89,22.99,22.75,22.89,6390433
TCB,2024-11-28,23.04,23.09,22.8,22.99,8138330
TCB,2024-11-29,22.89,22.99,22.75,22.99,8449424
TCB,2024-12-02,23.09,23.09,22.8,23.04,6571784
TCB,2024-12-03,23.04,23.14,22.84,23.04,8334958
TCB,2024-12-04,22.84,22.99,22.8,22.84,8182047
TCB,2024-12-05,22.84,23.58,22.75,23.58,14192447
TCB,2024-12-06,23.58,23.62,23.33,23.53,10925374
TCB,2024-12-09,23.48,23.67,23.33,23.53,7600705
TCB,2024-12-10,23.43,23.58,23.38,23.43,7041729
TCB,2024-12-11,23.43,23.67,23.38,23.53,10344544
TCB,2024-12-12,23.58,23.87,23.53,23.62,18547474
TCB,2024-12-13,23.67,23.92,23.48,23.72,11023193
TCB,2024-12-16,23.67,23.77,23.48,23.67,6359244
TCB,2024-12-17,23.77,23.77,23.53,23.58,5388918
TCB,2024-12-18,23.62,23.67,23.48,23.58,5788184
TCB,2024-12-19,23.38,23.43,23.14,23.14,15033048
TCB,2024-12-20,23.23,23.33,23.19,23.19,4595681
TCB,2024-12-23,23.38,23.43,23.19,23.28,3210950
TCB,2024-12-24,23.43,23.43,23.19,23.38,5176984
TCB,2024-12-25,23.38,24.26,23.33,23.82,18375223
TCB,2024-12-26,23.87,23.92,23.67,23.72,5478381
TCB,2024-12-27,23.87,24.26,23.82,23.97,15399674
TCB,2024-12-30,24.11,24.11,23.72,23.77,10149321
TCB,2024-12-31,23.72,24.01,23.72,24.01,9406421
TCB,2025-01-02,24.01,24.06,23.67,23.72,7837356
TCB,2025-01-03,23.72,23.72,22.99,22.99,17431953
TCB,2025-01-06,22.99,23.23,22.89,22.99,8135904
TCB,2025-01-07,23.28,23.28,22.94,23.04,7617413
TCB,2025-01-08,23.19,23.67,23.04,23.33,11949407
TCB,2025-01-09,23.43,23.43,23.14,23.33,4711000
TCB,2025-01-10,23.38,23.38,22.8,22.8,6234699
TCB,2025-01-13,22.6,23.19,22.55,23.19,7942307
TCB,2025-01-14,22.94,23.14,22.89,22.99,4182199
TCB,2025-01-15,23.19,23.28,23.04,23.09,6721878
TCB,2025-01-16,23.23,23.33,22.99,23.23,8076279
TCB,2025-01-17,23.23,23.77,23.14,23.77,10018863
TCB,2025-01-20,23.77,23.87,23.62,23.77,5186505
TCB,2025-01-21,23.77,23.87,23.53,23.58,8130150
TCB,2025-01-22,23.82,23.82,23.53,23.58,7456929
TCB,2025-01-23,23.72,24.21,23.62,23.97,21074649
TCB,2025-01-24,24.16,24.21,24.01,24.11,10335094
TCB,2025-02-03,23.87,24.06,23.62,23.62,10890445
TCB,2025-02-04,23.72,24.06,23.67,24.01,12474459
TCB,2025-02-05,24.21,24.26,23.92,24.06,9434481
TCB,2025-02-06,24.26,24.84,24.16,24.55,37590102
TCB,2025-02-07,24.79,25.13,24.55,25.09,26592116
TCB,2025-02-10,25.09,25.57,24.79,25.09,22162122
TCB,2025-02-11,25.43,25.48,25.09,25.23,15672911
TCB,2025-02-12,25.33,25.33,25.04,25.04,11529344
TCB,2025-02-13,24.94,25.33,24.89,25.28,11957480
TCB,2025-02-14,25.43,25.52,25.23,25.33,10244176
TCB,2025-02-17,25.33,25.43,25.04,25.04,10977841
TCB,2025-02-18,25.04,25.43,24.99,25.18,10761082
TCB,2025-02-19,25.28,25.48,25.13,25.43,12942381
TCB,2025-02-20,25.52,25.91,25.38,25.87,21186034
TCB,2025-02-21,25.91,25.91,25.72,25.82,8805450
TCB,2025-02-24,25.72,25.96,25.62,25.82,11768135
TCB,2025-02-25,25.91,26.11,25.67,25.72,14503243
TCB,2025-02-26,25.72,25.87,25.62,25.62,9951628
TCB,2025-02-27,25.72,25.72,25.33,25.57,12511301
TCB,2025-02-28,25.57,25.62,25.38,25.43,12223720
TCB,2025-03-03,25.48,25.62,25.38,25.43,9363650
TCB,2025-03-04,25.43,26.84,25.33,26.79,40206252
TCB,2025-03-05,26.79,26.89,26.6,26.6,13275778
TCB,2025-03-06,26.74,26.99,26.64,26.99,12574405
TCB,2025-03-07,26.99,27.18,26.74,27.03,14928909
TCB,2025-03-10,27.03,27.57,26.99,27.08,13915695
TCB,2025-03-11,26.79,27.28,26.74,27.28,15318558
TCB,2025-03-12,27.38,27.52,27.08,27.13,10866364
TCB,2025-03-13,27.08,27.08,26.55,26.6,19002294
TCB,2025-03-14,26.4,26.69,26.4,26.6,10667101
TCB,2025-03-17,26.64,26.74,26.45,26.74,11005682
TCB,2025-03-18,26.79,26.89,26.6,26.69,7949801
TCB,2025-03-19,26.6,26.64,26.45,26.55,12087967
TCB,2025-03-20,26.79,26.84,26.4,26.74,14434800
TCB,2025-03-21,26.64,26.84,26.6,26.64,7451278
TCB,2025-03-24,26.64,27.47,26.5,27.28,21090187
TCB,2025-03-25,27.38,27.47,27.13,27.18,8136084
TCB,2025-03-26,27.18,27.76,27.08,27.28,24097001
TCB,2025-03-27,27.28,27.42,27.03,27.03,7523835
TCB,2025-03-28,27.03,27.08,26.74,26.84,12358157
TCB,2025-03-31,26.69,26.79,26.5,26.79,12987617
TCB,2025-04-01,26.79,27.28,26.69,27.23,9058233
TCB,2025-04-02,27.28,27.42,27.13,27.18,6672520
TCB,2025-04-03,26.25,26.5,25.28,25.28,58920033
TCB,2025-04-04,23.53,25.09,23.53,25.04,56807784
TCB,2025-04-08,24.36,24.36,23.33,23.33,33491013
TCB,2025-04-09,21.72,24.26,21.72,22.99,40806842
TCB,2025-04-10,24.6,24.6,24.6,24.6,1243616
TCB,2025-04-11,25.82,25.91,24.94,25.91,47954875
TCB,2025-04-14,25.91,26.01,25.43,25.87,19913686
TCB,2025-04-15,25.38,25.67,25.13,25.33,21194331
TCB,2025-04-16,25.48,25.77,25.09,25.13,18154970
TCB,2025-04-17,24.94,25.33,24.89,25.33,14263516
TCB,2025-04-18,25.82,25.82,25.33,25.33,16892645
TCB,2025-04-21,25.33,25.62,24.94,25.09,12199203
TCB,2025-04-22,24.6,24.99,23.33,24.5,29540146
TCB,2025-04-23,25.09,25.62,24.5,25.43,18237852
TCB,2025-04-24,25.33,25.43,25.04,25.09,8921844
TCB,2025-04-25,25.28,25.38,24.74,25.28,19496966
TCB,2025-04-28,25.33,25.43,25.13,25.33,11168206
TCB,2025-04-29,25.33,25.91,25.33,25.62,18142313
TCB,2025-05-05,25.96,25.96,25.48,25.82,9053520
TCB,2025-05-06,25.82,26.5,25.72,26.16,24416564
TCB,2025-05-07,26.16,26.4,25.91,26.3,13700056
TCB,2025-05-08,26.3,26.74,26.16,26.69,18389806
TCB,2025-05-09,26.6,27.28,26.55,26.89,18305109
TCB,2025-05-12,26.94,28.69,26.89,28.64,46721231
TCB,2025-05-13,28.74,28.93,28.4,28.64,13217335
TCB,2025-05-14,28.59,29.71,28.54,29.08,19738092
TCB,2025-05-15,29.13,29.42,28.79,29.13,17792339
TCB,2025-05-16,29.13,29.13,28.5,28.69,20039032
TCB,2025-05-19,28.45,29.18,28.35,28.74,20472429
TCB,2025-05-20,28.74,30.3,28.74,30.15,38206067
TCB,2025-05-21,30.2,30.59,29.91,30.1,19495842
TCB,2025-05-22,29.86,30.4,29.52,29.71,28010072
TCB,2025-05-23,29.76,29.81,29.03,29.37,17861747
TCB,2025-05-26,29.37,29.57,28.74,29.57,20234886
TCB,2025-05-27,29.81,30.44,29.57,29.81,23580179
TCB,2025-05-28,29.91,30.01,29.47,29.71,18575774
TCB,2025-05-29,29.71,30.01,29.52,30.01,14716595
TCB,2025-05-30,30.01,30.01,29.66,29.66,9983963
TCB,2025-06-02,29.62,30.15,29.42,30.05,13962518
TCB,2025-06-03,30.1,31.08,30.1,30.78,23869926
TCB,2025-06-04,30.88,30.88,30.4,30.54,15688990
TCB,2025-06-05,30.54,30.78,30.25,30.3,15794425
TCB,2025-06-06,30.2,30.2,29.52,29.52,28368360
TCB,2025-06-09,29.52,29.66,28.98,28.98,20761408
TCB,2025-06-10,29.18,29.71,29.08,29.27,15110402
TCB,2025-06-11,29.57,29.57,29.18,29.32,6095570
TCB,2025-06-12,29.57,30.35,29.47,30.15,24558135
TCB,2025-06-13,29.91,30.69,29.71,30.4,27424234
TCB,2025-06-16,30.2,31.52,30.15,31.47,23157669
TCB,2025-06-17,31.71,31.76,31.22,31.56,17971359
TCB,2025-06-18,31.56,32.49,31.37,31.95,17766834
TCB,2025-06-19,31.95,33.12,31.95,33.12,23293178
TCB,2025-06-20,33.32,33.95,33.03,33.12,17118666
TCB,2025-06-23,32.73,33.12,32.54,32.93,18905476
TCB,2025-06-24,33.17,33.85,32.83,33.12,25173643
TCB,2025-06-25,33.27,33.37,32.93,32.93,13119777
TCB,2025-06-26,33.12,33.56,32.93,33.17,12616804
TCB,2025-06-27,33.22,33.37,32.98,33.07,9843914
TCB,2025-06-30,33.22,33.8,33.12,33.32,13917030
TCB,2025-07-01,33.32,33.66,33.17,33.51,12550119
TCB,2025-07-02,33.61,34.19,33.56,34.1,16957197
TCB,2025-07-03,34.24,34.39,33.9,33.95,22284626
TCB,2025-07-04,33.95,34.1,33.76,34.05,12166991
TCB,2025-07-07,34.29,34.54,34.19,34.39,12251918
TCB,2025-07-08,34.39,34.63,34.19,34.39,12982404
TCB,2025-07-09,34.54,34.68,33.8,34.0,31898546
TCB,2025-07-10,34.0,34.1,33.76,33.9,14469146
TCB,2025-07-11,33.9,34.58,33.9,34.05,18597763
TCB,2025-07-14,34.05,34.19,33.42,34.19,18141443
TCB,2025-07-15,34.24,34.83,33.9,33.9,18013182
TCB,2025-07-16,33.9,34.54,33.71,34.34,15015775
TCB,2025-07-17,34.49,34.68,34.19,34.24,16145107
TCB,2025-07-18,34.24,35.56,34.15,35.31,36581174
TCB,2025-07-21,35.36,35.56,34.44,34.54,23131485
TCB,2025-07-22,34.24,34.54,34.0,34.44,26986305
TCB,2025-07-23,34.49,34.54,34.0,34.1,27881338
TCB,2025-07-24,34.15,34.68,34.05,34.15,19287752
TCB,2025-07-25,34.19,34.29,34.05,34.29,18905823
TCB,2025-07-28,34.34,34.93,34.29,34.68,30590560
TCB,2025-07-29,34.83,34.83,33.03,33.03,45021213
TCB,2025-07-30,33.27,33.71,32.83,33.61,30557263
TCB,2025-07-31,33.71,34.1,32.93,33.12,26770167
TCB,2025-08-01,33.27,33.8,33.17,33.22,20626836
TCB,2025-08-04,33.22,34.44,33.12,34.44,23105622
TCB,2025-08-05,34.88,36.82,34.88,36.05,92397928
TCB,2025-08-06,37.02,37.99,36.24,37.21,30387518
TCB,2025-08-07,37.51,37.9,36.82,37.41,30092009
TCB,2025-08-08,37.75,37.75,36.44,36.87,31025359
TCB,2025-08-11,36.97,37.46,36.63,36.78,24618617
TCB,2025-08-12,36.82,37.02,36.24,36.73,22640841
TCB,2025-08-13,36.82,37.02,35.95,36.53,27558059
TCB,2025-08-14,36.78,38.19,36.78,37.41,38023550
TCB,2025-08-15,37.9,37.95,36.63,36.63,31174937
TCB,2025-08-18,37.21,37.65,36.68,36.97,21703425
TCB,2025-08-19,37.26,38.43,37.12,38.19,37501447
TCB,2025-08-20,39.41,39.84,37.9,39.46,52955208
TCB,2025-08-21,40.23,41.4,39.94,40.48,37592639
TCB,2025-08-22,39.46,40.04,37.65,37.99,53141860
TCB,2025-08-25,38.53,38.63,36.34,36.58,39336013
TCB,2025-08-26,37.02,38.38,36.0,38.33,29562665
TCB,2025-08-27,38.48,39.65,37.9,37.95,25063192
TCB,2025-08-28,38.58,38.58,37.8,38.58,18631561
TCB,2025-08-29,39.07,39.21,38.58,38.58,23193029
TCB,2025-09-03,39.02,39.07,38.43,38.58,13499066
TCB,2025-09-04,38.58,38.92,38.38,38.58,16828140
TCB,2025-09-05,38.92,39.89,38.48,38.48,35400391
TCB,2025-09-08,38.48,38.58,37.02,37.02,31863748
TCB,2025-09-09,37.56,37.65,36.87,37.51,27395213
TCB,2025-09-10,38.24,38.77,37.6,37.99,25918843
TCB,2025-09-11,37.9,37.99,36.73,37.7,20453095
TCB,2025-09-12,38.04,38.09,37.51,37.6,18395119
TCB,2025-09-15,37.56,37.99,37.56,37.99,16491748
TCB,2025-09-16,38.63,39.07,38.24,38.33,30150810
TCB,2025-09-17,38.33,38.43,37.51,37.7,15633635
TCB,2025-09-18,37.7,37.8,37.21,37.8,13637962
TCB,2025-09-19,37.8,37.8,37.12,37.41,10820852
TCB,2025-09-22,37.31,37.41,36.34,36.53,21470700
TCB,2025-09-23,36.58,37.02,36.53,36.53,8099324
TCB,2025-09-24,36.53,37.8,36.19,37.8,14160637
TCB,2025-09-25,37.8,37.95,37.56,37.9,11882519
TCB,2025-09-26,37.9,37.95,37.41,37.7,11443853
TCB,2025-09-29,37.6,37.8,37.41,37.75,10128204
TCB,2025-09-30,38.05,38.05,37.5,37.85,11114873
TCB,2025-10-01,37.85,38.6,37.8,38.55,13233528
TCB,2025-10-02,38.85,39.2,38.4,38.85,16271259
TCB,2025-10-03,38.55,38.65,38.05,38.35,11278752
TCB,2025-10-06,38.95,39.4,38.5,39.4,23162226
TCB,2025-10-07,40.0,40.0,38.95,39.0,11823096
TCB,2025-10-08,39.25,39.4,38.45,38.6,20612358
TCB,2025-10-09,38.6,39.1,38.55,38.95,18777780
TCB,2025-10-10,39.1,39.9,39.0,39.35,20325968
TCB,2025-10-13,39.3,41.5,39.25,41.3,43313300
TCB,2025-10-14,41.75,42.0,40.55,40.8,25929200
TCB,2025-10-15,41.0,41.35,40.55,40.8,13321200
TCB,2025-10-16,41.2,41.25,40.8,41.25,20239100
TCB,2025-10-17,41.65,41.65,40.45,40.65,18690000
TCB,2025-10-20,40.65,40.65,37.85,37.85,30048800
TCB,2025-10-21,38.1,38.45,36.5,37.65,28577600
TCB,2025-10-22,38.1,38.15,36.4,38.0,15701400
TCB,2025-10-23,38.05,38.05,36.8,37.25,15619200
TCB,2025-10-24,37.0,37.0,36.05,36.1,23396700
TCB,2025-10-27,36.3,36.5,35.05,35.05,15906600
TCB,2025-10-28,35.05,36.4,34.0,36.0,26134800
TCB,2025-10-29,35.9,36.9,35.65,36.4,13116300
TCB,2025-10-30,36.5,36.6,35.6,35.7,10507900
TCB,2025-10-31,35.7,36.2,35.1,35.1,12256900
TCB,2025-11-03,35.1,35.5,33.6,33.6,16737200
TCB,2025-11-04,33.6,35.2,33.45,35.0,16062100
TCB,2025-11-05,34.9,34.9,34.05,34.1,11242500
TCB,2025-11-06,34.15,34.5,33.5,33.6,13684100
TCB,2025-11-07,33.6,33.95,33.0,33.0,16083600
TCB,2025-11-10,33.3,33.6,32.95,33.4,8793300
TCB,2025-11-11,33.45,34.0,33.35,33.65,11239700
TCB,2025-11-12,33.7,35.0,33.6,35.0,12025800
TCB,2025-11-13,34.65,35.5,34.6,35.1,12530800
TCB,2025-11-14,34.8,35.35,34.7,35.1,5603100
TCB,2025-11-17,35.1,35.25,34.7,35.15,9499500
TCB,2025-11-18,35.2,35.35,34.95,35.35,8594800
TCB,2025-11-19,35.4,35.4,34.75,34.8,6830700
TCB,2025-11-20,34.85,35.0,34.6,34.6,6941100
TCB,2025-11-21,34.5,34.5,33.5,34.25,8560200
TCB,2025-11-24,34.3,34.4,33.9,33.95,8275900
TCB,2025-11-25,34.0,34.0,33.45,33.45,9145600
TCB,2025-11-26,33.6,33.9,33.5,33.85,7859900
TCB,2025-11-27,33.95,34.2,33.7,33.75,8857300
TCB,2025-11-28,33.75,33.9,33.3,33.75,8390800
TCB,2025-12-01,33.7,33.7,33.2,33.2,7034700
TCB,2025-12-02,33.2,34.3,33.15,34.2,14025300
TCB,2025-12-03,34.25,35.0,34.25,34.9,16220500
TCB,2025-12-04,35.0,35.5,34.8,35.4,12020600
TCB,2025-12-05,35.5,35.5,34.7,34.7,7316700
TCB,2025-12-08,34.65,34.8,34.15,34.2,6283600
TCB,2025-12-09,34.2,34.2,33.5,33.8,10774500
TCB,2025-12-10,33.75,34.15,33.7,33.7,5381400
TCB,2025-12-11,33.75,34.0,33.4,33.4,6610500
TCB,2025-12-12,33.45,33.6,32.0,32.0,19124300
TCB,2025-12-15,32.0,32.3,31.5,32.0,10487300
TCB,2025-12-16,32.0,33.1,30.5,33.0,14017600
TCB,2025-12-17,33.0,33.15,32.55,32.6,6749600
TCB,2025-12-18,32.8,33.1,32.5,33.0,9090400
TCB,2025-12-19,33.2,33.65,33.1,33.6,9184900
TCB,2025-12-22,33.85,35.2,33.75,35.2,16562200
TCB,2025-12-23,35.3,35.35,34.75,34.8,12785000
TCB,2025-12-24,34.7,35.2,34.3,34.95,10571000
TCB,2025-12-25,34.95,35.8,34.0,34.0,10946100
TCB,2025-12-26,33.5,34.35,33.05,33.9,12160300
TCB,2025-12-29,33.95,34.45,33.8,34.05,6596700
TCB,2025-12-30,34.2,34.4,33.75,34.35,7265300
TCB,2025-12-31,34.8,34.9,34.25,34.9,9454000
